{
    "cross-validation": [
        [
            {
                "epoch": 1,
                "Training Loss": 0.2647031558453748,
                "Training Accur.": 0.8440122656228165,
                "Training Precision (macro)": 0.5026158215437483,
                "Training Precision (micro)": 0.8440122656228165,
                "Training Recall (macro)": 0.4807607447343327,
                "Training Recall (micro)": 0.8440122656228165,
                "Training F1 (macro)": 0.47516452804181153,
                "Training F1 (micro)": 0.8440122656228165,
                "Valid. Loss": 0.1479905718429522,
                "Valid. Accur.": 0.9545454545454546,
                "Valid. Precision (macro)": 0.923938029047347,
                "Valid. Precision (micro)": 0.9704974769792389,
                "Valid. Recall (macro)": 0.8649182765318365,
                "Valid. Recall (micro)": 0.9704974769792389,
                "Valid. F1 (macro)": 0.8887596244585385,
                "Valid. F1 (micro)": 0.9704974769792389,
                "Training Time": "0:01:35",
                "Validation Time": "0:00:08"
            },
            {
                "epoch": 2,
                "Training Loss": 0.0988286156225372,
                "Training Accur.": 0.9750035109940984,
                "Training Precision (macro)": 0.9604353430913102,
                "Training Precision (micro)": 0.9750035109940984,
                "Training Recall (macro)": 0.8996132716110908,
                "Training Recall (micro)": 0.9750035109940984,
                "Training F1 (macro)": 0.9268726118365597,
                "Training F1 (micro)": 0.9750035109940984,
                "Valid. Loss": 0.15795997881055387,
                "Valid. Accur.": 0.9621212121212122,
                "Valid. Precision (macro)": 0.8585907735883339,
                "Valid. Precision (micro)": 0.946984385585419,
                "Valid. Recall (macro)": 0.7530682728893471,
                "Valid. Recall (micro)": 0.946984385585419,
                "Valid. F1 (macro)": 0.790692631731595,
                "Valid. F1 (micro)": 0.946984385585419,
                "Training Time": "0:01:35",
                "Validation Time": "0:00:08"
            },
            {
                "epoch": 3,
                "Training Loss": 0.023376047366674153,
                "Training Accur.": 0.9967920772033625,
                "Training Precision (macro)": 0.9982530040126599,
                "Training Precision (micro)": 0.9967920772033625,
                "Training Recall (macro)": 0.9806619208390956,
                "Training Recall (micro)": 0.9967920772033625,
                "Training F1 (macro)": 0.9891967262554202,
                "Training F1 (micro)": 0.9967920772033625,
                "Valid. Loss": 0.18139820087041394,
                "Valid. Accur.": 0.9659090909090909,
                "Valid. Precision (macro)": 0.9190935832445866,
                "Valid. Precision (micro)": 0.9722521064388221,
                "Valid. Recall (macro)": 0.9252730039006127,
                "Valid. Recall (micro)": 0.9722521064388221,
                "Valid. F1 (macro)": 0.9207227795418091,
                "Valid. F1 (micro)": 0.9722521064388221,
                "Training Time": "0:01:35",
                "Validation Time": "0:00:08"
            }
        ],
        [
            {
                "epoch": 1,
                "Training Loss": 0.06839040389520029,
                "Training Accur.": 0.9840908805732622,
                "Training Precision (macro)": 0.9779944291082113,
                "Training Precision (micro)": 0.9840908805732622,
                "Training Recall (macro)": 0.9398608422728839,
                "Training Recall (micro)": 0.9840908805732622,
                "Training F1 (macro)": 0.957705754584111,
                "Training F1 (micro)": 0.9840908805732622,
                "Valid. Loss": 0.00046845010806326616,
                "Valid. Accur.": 1.0,
                "Valid. Precision (macro)": 1.0,
                "Valid. Precision (micro)": 1.0,
                "Valid. Recall (macro)": 1.0,
                "Valid. Recall (micro)": 1.0,
                "Valid. F1 (macro)": 1.0,
                "Valid. F1 (micro)": 1.0,
                "Training Time": "0:01:35",
                "Validation Time": "0:00:08"
            },
            {
                "epoch": 2,
                "Training Loss": 0.029640687415249962,
                "Training Accur.": 0.9935771785292802,
                "Training Precision (macro)": 0.9933403300956799,
                "Training Precision (micro)": 0.9935771785292802,
                "Training Recall (macro)": 0.9707749121011234,
                "Training Recall (micro)": 0.9935771785292802,
                "Training F1 (macro)": 0.9816599185142089,
                "Training F1 (micro)": 0.9935771785292802,
                "Valid. Loss": 0.0003697685465202526,
                "Valid. Accur.": 1.0,
                "Valid. Precision (macro)": 1.0,
                "Valid. Precision (micro)": 1.0,
                "Valid. Recall (macro)": 1.0,
                "Valid. Recall (micro)": 1.0,
                "Valid. F1 (macro)": 1.0,
                "Valid. F1 (micro)": 1.0,
                "Training Time": "0:01:35",
                "Validation Time": "0:00:08"
            },
            {
                "epoch": 3,
                "Training Loss": 0.01661914395871879,
                "Training Accur.": 0.9959099057285447,
                "Training Precision (macro)": 0.9966751022871843,
                "Training Precision (micro)": 0.9959099057285447,
                "Training Recall (macro)": 0.9827589055648127,
                "Training Recall (micro)": 0.9959099057285447,
                "Training F1 (macro)": 0.9895384919541497,
                "Training F1 (micro)": 0.9959099057285447,
                "Valid. Loss": 0.00021020671754906124,
                "Valid. Accur.": 1.0,
                "Valid. Precision (macro)": 1.0,
                "Valid. Precision (micro)": 1.0,
                "Valid. Recall (macro)": 1.0,
                "Valid. Recall (micro)": 1.0,
                "Valid. F1 (macro)": 1.0,
                "Valid. F1 (micro)": 1.0,
                "Training Time": "0:01:35",
                "Validation Time": "0:00:08"
            }
        ],
        [
            {
                "epoch": 1,
                "Training Loss": 0.0006275836105572146,
                "Training Accur.": 1.0,
                "Training Precision (macro)": 1.0,
                "Training Precision (micro)": 1.0,
                "Training Recall (macro)": 1.0,
                "Training Recall (micro)": 1.0,
                "Training F1 (macro)": 1.0,
                "Training F1 (micro)": 1.0,
                "Valid. Loss": 0.0016662011817750295,
                "Valid. Accur.": 1.0,
                "Valid. Precision (macro)": 1.0,
                "Valid. Precision (micro)": 1.0,
                "Valid. Recall (macro)": 1.0,
                "Valid. Recall (micro)": 1.0,
                "Valid. F1 (macro)": 1.0,
                "Valid. F1 (micro)": 1.0,
                "Training Time": "0:01:35",
                "Validation Time": "0:00:08"
            },
            {
                "epoch": 2,
                "Training Loss": 0.00016819116734590944,
                "Training Accur.": 1.0,
                "Training Precision (macro)": 1.0,
                "Training Precision (micro)": 1.0,
                "Training Recall (macro)": 1.0,
                "Training Recall (micro)": 1.0,
                "Training F1 (macro)": 1.0,
                "Training F1 (micro)": 1.0,
                "Valid. Loss": 0.001746648508935433,
                "Valid. Accur.": 1.0,
                "Valid. Precision (macro)": 1.0,
                "Valid. Precision (micro)": 1.0,
                "Valid. Recall (macro)": 1.0,
                "Valid. Recall (micro)": 1.0,