{
    "cross-validation": [
        [
            {
                "epoch": 1,
                "Training Loss": 0.21661433843468936,
                "Training Accur.": 0.8759768897123517,
                "Training Precision (macro)": 0.661743991344455,
                "Training Precision (micro)": 0.8759768897123517,
                "Training Recall (macro)": 0.5689981508360377,
                "Training Recall (micro)": 0.8759768897123517,
                "Training F1 (macro)": 0.5905000614985205,
                "Training F1 (micro)": 0.8759768897123517,
                "Valid. Loss": 0.15212561679227898,
                "Valid. Accur.": 0.9566666666666667,
                "Valid. Precision (macro)": 0.9011465539185616,
                "Valid. Precision (micro)": 0.9516922239540325,
                "Valid. Recall (macro)": 0.8783577913046868,
                "Valid. Recall (micro)": 0.9516922239540325,
                "Valid. F1 (macro)": 0.8889515440504433,
                "Valid. F1 (micro)": 0.9516922239540325,
                "Training Time": "0:03:42",
                "Validation Time": "0:00:20"
            },
            {
                "epoch": 2,
                "Training Loss": 0.08237995829918267,
                "Training Accur.": 0.9751655748927264,
                "Training Precision (macro)": 0.9408412533603223,
                "Training Precision (micro)": 0.9751655748927264,
                "Training Recall (macro)": 0.9182231666209357,
                "Training Recall (micro)": 0.9751655748927264,
                "Training F1 (macro)": 0.9285664651417755,
                "Training F1 (micro)": 0.9751655748927264,
                "Valid. Loss": 0.1928088306162196,
                "Valid. Accur.": 0.9533333333333334,
                "Valid. Precision (macro)": 0.8536056390279544,
                "Valid. Precision (micro)": 0.9391731148600764,
                "Valid. Recall (macro)": 0.8717228074565049,
                "Valid. Recall (micro)": 0.9391731148600764,
                "Valid. F1 (macro)": 0.8615563333962475,
                "Valid. F1 (micro)": 0.9391731148600764,
                "Training Time": "0:03:42",
                "Validation Time": "0:00:20"
            },
            {
                "epoch": 3,
                "Training Loss": 0.029846316565623664,
                "Training Accur.": 0.9927656057072882,
                "Training Precision (macro)": 0.9840252885832206,
                "Training Precision (micro)": 0.9927656057072882,
                "Training Recall (macro)": 0.9732311773698369,
                "Training Recall (micro)": 0.9927656057072882,
                "Training F1 (macro)": 0.9784024971085671,
                "Training F1 (micro)": 0.9927656057072882,
                "Valid. Loss": 0.2581966762287387,
                "Valid. Accur.": 0.9533333333333334,
                "Valid. Precision (macro)": 0.896902264481137,
                "Valid. Precision (micro)": 0.9542873597847137,
                "Valid. Recall (macro)": 0.8299157987128825,
                "Valid. Recall (micro)": 0.9542873597847137,
                "Valid. F1 (macro)": 0.857434526265627,
                "Valid. F1 (micro)": 0.9542873597847137,
                "Training Time": "0:03:42",
                "Validation Time": "0:00:20"
            }
        ],
        [
            {
                "epoch": 1,
                "Training Loss": 0.06986724586269702,
                "Training Accur.": 0.9892464696124519,
                "Training Precision (macro)": 0.9822016647235727,
                "Training Precision (micro)": 0.9892464696124519,
                "Training Recall (macro)": 0.9547544131350465,
                "Training Recall (micro)": 0.9892464696124519,
                "Training F1 (macro)": 0.9675527929645479,
                "Training F1 (micro)": 0.9892464696124519,
                "Valid. Loss": 0.021319936824729668,
                "Valid. Accur.": 0.995,
                "Valid. Precision (macro)": 0.9688450767204457,
                "Valid. Precision (micro)": 0.9942246609241793,
                "Valid. Recall (macro)": 0.9946188794959291,
                "Valid. Recall (micro)": 0.9942246609241793,
                "Valid. F1 (macro)": 0.980910326886833,
                "Valid. F1 (micro)": 0.9942246609241793,
                "Training Time": "0:03:42",
                "Validation Time": "0:00:20"
            },
            {
                "epoch": 2,
                "Training Loss": 0.043739572640891615,
                "Training Accur.": 0.9958882005155221,
                "Training Precision (macro)": 0.9958653464099153,
                "Training Precision (micro)": 0.9958882005155221,
                "Training Recall (macro)": 0.9804072889169451,
                "Training Recall (micro)": 0.9958882005155221,
                "Training F1 (macro)": 0.987924819565302,
                "Training F1 (micro)": 0.9958882005155221,
                "Valid. Loss": 0.01701228947805551,
                "Valid. Accur.": 0.9966666666666667,
                "Valid. Precision (macro)": 0.9812549304264306,
                "Valid. Precision (micro)": 0.9958821998452074,
                "Valid. Recall (macro)": 0.9977019886303382,
                "Valid. Recall (micro)": 0.9958821998452074,
                "Valid. F1 (macro)": 0.9892084419229947,
                "Valid. F1 (micro)": 0.9958821998452074,
                "Training Time": "0:03:42",
                "Validation Time": "0:00:20"
            },
            {
                "epoch": 3,
                "Training Loss": 0.010920129742420006,
                "Training Accur.": 0.9960153597877721,
                "Training Precision (macro)": 0.9871729770603912,
                "Training Precision (micro)": 0.9960153597877721,
                "Training Recall (macro)": 0.991429521367973,
                "Training Recall (micro)": 0.9960153597877721,
                "Training F1 (macro)": 0.9892520697923307,
                "Training F1 (micro)": 0.9960153597877721,
                "Valid. Loss": 0.02945108174084453,
                "Valid. Accur.": 0.995,
                "Valid. Precision (macro)": 0.9587218500627711,
                "Valid. Precision (micro)": 0.9928408335641971,
                "Valid. Recall (macro)": 0.9949262778647993,
                "Valid. Recall (micro)": 0.9928408335641971,
                "Valid. F1 (macro)": 0.9752712605686444,
                "Valid. F1 (micro)": 0.9928408335641971,
                "Training Time": "0:03:42",
                "Validation Time": "0:00:19"
            }
        ],
        [
            {
                "epoch": 1,
                "Training Loss": 0.0025806517694096933,
                "Training Accur.": 0.9991141671648794,
                "Training Precision (macro)": 0.9995115684438647,
                "Training Precision (micro)": 0.9991141671648794,
                "Training Recall (macro)": 0.9952938301116175,
                "Training Recall (micro)": 0.9991141671648794,
                "Training F1 (macro)": 0.9973868065151135,
                "Training F1 (micro)": 0.9991141671648794,
                "Valid. Loss": 0.00015254747624567243,
                "Valid. Accur.": 1.0,
                "Valid. Precision (macro)": 1.0,
                "Valid. Precision (micro)": 1.0,
                "Valid. Recall (macro)": 1.0,
                "Valid. Recall (micro)": 1.0,
                "Valid. F1 (macro)": 1.0,
                "Valid. F1 (micro)": 1.0,
                "Training Time": "0:03:42",
                "Validation Time": "0:00:20"
            },
            {
                "epoch": 2,
                "Training Loss": 0.003728534168264256,
                "Training Accur.": 0.9997614180756631,
                "Training Precision (macro)": 0.9988289702983643,
                "Training Precision (micro)": 0.9997614180756631,
                "Training Recall (macro)": 0.9998672565162942,