{
    "cross-validation": [
        [
            {
                "epoch": 1,
                "Training Loss": 0.2110902432185144,
                "Training Accur.": 0.8857867620265399,
                "Training Precision (macro)": 0.6940882511309727,
                "Training Precision (micro)": 0.8857867620265399,
                "Training Recall (macro)": 0.6050959408979973,
                "Training Recall (micro)": 0.8857867620265399,
                "Training F1 (macro)": 0.6251164897202911,
                "Training F1 (micro)": 0.8857867620265399,
                "Valid. Loss": 0.17796308274436914,
                "Valid. Accur.": 0.9432870370370371,
                "Valid. Precision (macro)": 0.8805496086817881,
                "Valid. Precision (micro)": 0.9503954512749566,
                "Valid. Recall (macro)": 0.8610461984273134,
                "Valid. Recall (micro)": 0.9503954512749566,
                "Valid. F1 (macro)": 0.8701028733954103,
                "Valid. F1 (micro)": 0.9503954512749566,
                "Training Time": "0:05:17",
                "Validation Time": "0:00:28"
            },
            {
                "epoch": 2,
                "Training Loss": 0.10657099701666614,
                "Training Accur.": 0.971548160010398,
                "Training Precision (macro)": 0.920907189155118,
                "Training Precision (micro)": 0.971548160010398,
                "Training Recall (macro)": 0.9044690383348489,
                "Training Recall (micro)": 0.971548160010398,
                "Training F1 (macro)": 0.912151412752673,
                "Training F1 (micro)": 0.971548160010398,
                "Valid. Loss": 0.25500971318116944,
                "Valid. Accur.": 0.9471450617283951,
                "Valid. Precision (macro)": 0.913838681043684,
                "Valid. Precision (micro)": 0.9507228168432015,
                "Valid. Recall (macro)": 0.8356444049845884,
                "Valid. Recall (micro)": 0.9507228168432015,
                "Valid. F1 (macro)": 0.8686336442846545,
                "Valid. F1 (micro)": 0.9507228168432015,
                "Training Time": "0:05:17",
                "Validation Time": "0:00:28"
            },
            {
                "epoch": 3,
                "Training Loss": 0.05793356454364319,
                "Training Accur.": 0.9836582245574569,
                "Training Precision (macro)": 0.9588692638044545,
                "Training Precision (micro)": 0.9836582245574569,
                "Training Recall (macro)": 0.9460210748253745,
                "Training Recall (micro)": 0.9836582245574569,
                "Training F1 (macro)": 0.9512854897847536,
                "Training F1 (micro)": 0.9836582245574569,
                "Valid. Loss": 0.2599876101880067,
                "Valid. Accur.": 0.9436728395061729,
                "Valid. Precision (macro)": 0.8252287344403096,
                "Valid. Precision (micro)": 0.928731746013235,
                "Valid. Recall (macro)": 0.856787886169058,
                "Valid. Recall (micro)": 0.928731746013235,
                "Valid. F1 (macro)": 0.8393715190721471,
                "Valid. F1 (micro)": 0.928731746013235,
                "Training Time": "0:05:17",
                "Validation Time": "0:00:28"
            }
        ],
        [
            {
                "epoch": 1,
                "Training Loss": 0.08698513532093953,
                "Training Accur.": 0.9797748460103127,
                "Training Precision (macro)": 0.957003417757824,
                "Training Precision (micro)": 0.9797748460103127,
                "Training Recall (macro)": 0.9311311197993941,
                "Training Recall (micro)": 0.9797748460103127,
                "Training F1 (macro)": 0.943326394815081,
                "Training F1 (micro)": 0.9797748460103127,
                "Valid. Loss": 0.009092593647235643,
                "Valid. Accur.": 0.9988425925925926,
                "Valid. Precision (macro)": 0.9991824660300067,
                "Valid. Precision (micro)": 0.9984926153591388,
                "Valid. Recall (macro)": 0.990462002167375,
                "Valid. Recall (micro)": 0.9984926153591388,
                "Valid. F1 (macro)": 0.9947403848309535,
                "Valid. F1 (micro)": 0.9984926153591388,
                "Training Time": "0:05:17",
                "Validation Time": "0:00:28"
            },
            {
                "epoch": 2,
                "Training Loss": 0.02857635969067328,
                "Training Accur.": 0.993500851681008,
                "Training Precision (macro)": 0.9921274247690416,
                "Training Precision (micro)": 0.993500851681008,
                "Training Recall (macro)": 0.9749304241747191,
                "Training Recall (micro)": 0.993500851681008,
                "Training F1 (macro)": 0.9833008854160233,
                "Training F1 (micro)": 0.993500851681008,
                "Valid. Loss": 0.014869777182125458,
                "Valid. Accur.": 0.9965277777777778,
                "Valid. Precision (macro)": 0.9905496710620054,
                "Valid. Precision (micro)": 0.9964078553108378,
                "Valid. Recall (macro)": 0.9881948502604211,
                "Valid. Recall (micro)": 0.9964078553108378,
                "Valid. F1 (macro)": 0.989308650747369,
                "Valid. F1 (micro)": 0.9964078553108378,
                "Training Time": "0:05:18",
                "Validation Time": "0:00:28"
            },
            {
                "epoch": 3,
                "Training Loss": 0.021650646484239016,
                "Training Accur.": 0.9974254572662868,
                "Training Precision (macro)": 0.9944250280989967,
                "Training Precision (micro)": 0.9974254572662868,
                "Training Recall (macro)": 0.9909182614971066,
                "Training Recall (micro)": 0.9974254572662868,
                "Training F1 (macro)": 0.9926593313433038,
                "Training F1 (micro)": 0.9974254572662868,
                "Valid. Loss": 0.026843931745639163,
                "Valid. Accur.": 0.9930555555555556,
                "Valid. Precision (macro)": 0.9795727013759413,
                "Valid. Precision (micro)": 0.9932479917030681,
                "Valid. Recall (macro)": 0.9792262378399061,
                "Valid. Recall (micro)": 0.9932479917030681,
                "Valid. F1 (macro)": 0.979294825497755,
                "Valid. F1 (micro)": 0.9932479917030681,
                "Training Time": "0:05:18",
                "Validation Time": "0:00:28"
            }
        ],
        [
            {
                "epoch": 1,
                "Training Loss": 0.020569486077769143,
                "Training Accur.": 0.9958317348597401,
                "Training Precision (macro)": 0.98614612366533,
                "Training Precision (micro)": 0.9958317348597401,
                "Training Recall (macro)": 0.9913807244443698,
                "Training Recall (micro)": 0.9958317348597401,
                "Training F1 (macro)": 0.9887328328131939,
                "Training F1 (micro)": 0.9958317348597401,
                "Valid. Loss": 0.005712707372401416,
                "Valid. Accur.": 0.9988425925925926,
                "Valid. Precision (macro)": 0.99824637080102,
                "Valid. Precision (micro)": 0.9996687393873458,
                "Valid. Recall (macro)": 0.9998173551747613,
                "Valid. Recall (micro)": 0.9996687393873458,
                "Valid. F1 (macro)": 0.9990255746721073,
                "Valid. F1 (micro)": 0.9996687393873458,
                "Training Time": "0:05:18",
                "Validation Time": "0:00:28"
            },
            {
                "epoch": 2,
                "Training Loss": 0.009999187358284131,
                "Training Accur.": 0.9988232097043218,
                "Training Precision (macro)": 0.9969804253834543,