{
    "cross-validation": [
        [
            {
                "epoch": 1,
                "Training Loss": 0.2792650570410715,
                "Training Accur.": 0.8601694150148714,
                "Training Precision (macro)": 0.5869823204749021,
                "Training Precision (micro)": 0.8601694150148714,
                "Training Recall (macro)": 0.5426747634821172,
                "Training Recall (micro)": 0.8601694150148714,
                "Training F1 (macro)": 0.5343822377634099,
                "Training F1 (micro)": 0.8601694150148714,
                "Valid. Loss": 0.41249321841380815,
                "Valid. Accur.": 0.8920454545454546,
                "Valid. Precision (macro)": 0.4862605553241261,
                "Valid. Precision (micro)": 0.9270665651937068,
                "Valid. Recall (macro)": 0.5227272727272727,
                "Valid. Recall (micro)": 0.9270665651937068,
                "Valid. F1 (macro)": 0.5037072251828827,
                "Valid. F1 (micro)": 0.9270665651937068,
                "Training Time": "0:01:03",
                "Validation Time": "0:00:06"
            },
            {
                "epoch": 2,
                "Training Loss": 0.11035112932941682,
                "Training Accur.": 0.9395356976732199,
                "Training Precision (macro)": 0.8488864705285993,
                "Training Precision (micro)": 0.9395356976732199,
                "Training Recall (macro)": 0.7234890131135121,
                "Training Recall (micro)": 0.9395356976732199,
                "Training F1 (macro)": 0.7607893319566311,
                "Training F1 (micro)": 0.9395356976732199,
                "Valid. Loss": 0.13631828489120712,
                "Valid. Accur.": 0.9488636363636364,
                "Valid. Precision (macro)": 0.8947894644113391,
                "Valid. Precision (micro)": 0.9370577750742176,
                "Valid. Recall (macro)": 0.8309217415561377,
                "Valid. Recall (micro)": 0.9370577750742176,
                "Valid. F1 (macro)": 0.8555202585190723,
                "Valid. F1 (micro)": 0.9370577750742176,
                "Training Time": "0:01:03",
                "Validation Time": "0:00:06"
            },
            {
                "epoch": 3,
                "Training Loss": 0.020904947200189018,
                "Training Accur.": 0.9932819852901369,
                "Training Precision (macro)": 0.9753504237466764,
                "Training Precision (micro)": 0.9932819852901369,
                "Training Recall (macro)": 0.9919072578170349,
                "Training Recall (micro)": 0.9932819852901369,
                "Training F1 (macro)": 0.983337569283048,
                "Training F1 (micro)": 0.9932819852901369,
                "Valid. Loss": 0.11438321421817156,
                "Valid. Accur.": 0.9659090909090909,
                "Valid. Precision (macro)": 0.9524032223453517,
                "Valid. Precision (micro)": 0.9721499026765845,
                "Valid. Recall (macro)": 0.9288279028614025,
                "Valid. Recall (micro)": 0.9721499026765845,
                "Valid. F1 (macro)": 0.9387691882749352,
                "Valid. F1 (micro)": 0.9721499026765845,
                "Training Time": "0:01:03",
                "Validation Time": "0:00:06"
            }
        ],
        [
            {
                "epoch": 1,
                "Training Loss": 0.03652026707531213,
                "Training Accur.": 0.9866431121738723,
                "Training Precision (macro)": 0.9719693647639124,
                "Training Precision (micro)": 0.9866431121738723,
                "Training Recall (macro)": 0.9593672867483283,
                "Training Recall (micro)": 0.9866431121738723,
                "Training F1 (macro)": 0.9654837455987154,
                "Training F1 (micro)": 0.9866431121738723,
                "Valid. Loss": 0.00041404827325922355,
                "Valid. Accur.": 1.0,
                "Valid. Precision (macro)": 1.0,
                "Valid. Precision (micro)": 1.0,
                "Valid. Recall (macro)": 1.0,
                "Valid. Recall (micro)": 1.0,
                "Valid. F1 (macro)": 1.0,
                "Valid. F1 (micro)": 1.0,
                "Training Time": "0:01:03",
                "Validation Time": "0:00:06"
            },
            {
                "epoch": 2,
                "Training Loss": 0.002959713513413336,
                "Training Accur.": 0.9999830249533186,
                "Training Precision (macro)": 0.9999157398045163,
                "Training Precision (micro)": 0.9999830249533186,
                "Training Recall (macro)": 0.9999905770607969,
                "Training Recall (micro)": 0.9999830249533186,
                "Training F1 (macro)": 0.9999528470925516,
                "Training F1 (micro)": 0.9999830249533186,
                "Valid. Loss": 0.00023266024734105238,
                "Valid. Accur.": 1.0,
                "Valid. Precision (macro)": 1.0,
                "Valid. Precision (micro)": 1.0,
                "Valid. Recall (macro)": 1.0,
                "Valid. Recall (micro)": 1.0,
                "Valid. F1 (macro)": 1.0,
                "Valid. F1 (micro)": 1.0,
                "Training Time": "0:01:03",
                "Validation Time": "0:00:06"
            },
            {
                "epoch": 3,
                "Training Loss": 0.0011627943233687018,
                "Training Accur.": 1.0,
                "Training Precision (macro)": 1.0,
                "Training Precision (micro)": 1.0,
                "Training Recall (macro)": 1.0,
                "Training Recall (micro)": 1.0,
                "Training F1 (macro)": 1.0,
                "Training F1 (micro)": 1.0,
                "Valid. Loss": 0.0012761867060775826,
                "Valid. Accur.": 1.0,
                "Valid. Precision (macro)": 1.0,
                "Valid. Precision (micro)": 1.0,
                "Valid. Recall (macro)": 1.0,
                "Valid. Recall (micro)": 1.0,
                "Valid. F1 (macro)": 1.0,
                "Valid. F1 (micro)": 1.0,
                "Training Time": "0:01:03",
                "Validation Time": "0:00:06"
            }
        ],
        [
            {
                "epoch": 1,
                "Training Loss": 0.00930913787864441,
                "Training Accur.": 0.9994560860082861,
                "Training Precision (macro)": 0.9996958979639489,
                "Training Precision (micro)": 0.9994560860082861,
                "Training Recall (macro)": 0.9974667190193882,
                "Training Recall (micro)": 0.9994560860082861,
                "Training F1 (macro)": 0.9985707503943704,
                "Training F1 (micro)": 0.9994560860082861,
                "Valid. Loss": 0.0001255828121264296,
                "Valid. Accur.": 1.0,
                "Valid. Precision (macro)": 1.0,
                "Valid. Precision (micro)": 1.0,
                "Valid. Recall (macro)": 1.0,
                "Valid. Recall (micro)": 1.0,
                "Valid. F1 (macro)": 1.0,
                "Valid. F1 (micro)": 1.0,
                "Training Time": "0:01:03",
                "Validation Time": "0:00:06"
            },
            {
                "epoch": 2,
                "Training Loss": 0.00021006277673349847,
                "Training Accur.": 1.0,
                "Training Precision (macro)": 1.0,
                "Training Precision (micro)": 1.0,
                "Training Recall (macro)": 1.0,
                "Training Recall (micro)": 1.0,
                "Training F1 (macro)": 1.0,
                "Training F1 (micro)": 1.0,
                "Valid. Loss": 0.00010263524249735796,
                "Valid. Accur.": 1.0,
                "Valid. Precision (macro)": 1.0,
                "Valid. Precision (micro)": 1.0,
                "Valid. Recall (macro)": 1.0,
                "Valid. Recall (micro)": 1.0,