{
    "cross-validation": [
        [
            {
                "epoch": 1,
                "Training Loss": 0.2550001502318611,
                "Training Accur.": 0.8652887169145626,
                "Training Precision (macro)": 0.5875684457203649,
                "Training Precision (micro)": 0.8652887169145626,
                "Training Recall (macro)": 0.520435644082805,
                "Training Recall (micro)": 0.8652887169145626,
                "Training F1 (macro)": 0.5311539827132745,
                "Training F1 (micro)": 0.8652887169145626,
                "Valid. Loss": 0.18548876372014367,
                "Valid. Accur.": 0.9240033222591362,
                "Valid. Precision (macro)": 0.7541297287585171,
                "Valid. Precision (micro)": 0.9259081349641544,
                "Valid. Recall (macro)": 0.7951624033161463,
                "Valid. Recall (micro)": 0.9259081349641544,
                "Valid. F1 (macro)": 0.7702226649674473,
                "Valid. F1 (micro)": 0.9259081349641544,
                "Training Time": "0:02:07",
                "Validation Time": "0:00:11"
            },
            {
                "epoch": 2,
                "Training Loss": 0.0852434783432833,
                "Training Accur.": 0.9701463585733875,
                "Training Precision (macro)": 0.9364847425673741,
                "Training Precision (micro)": 0.9701463585733875,
                "Training Recall (macro)": 0.8929171944008688,
                "Training Recall (micro)": 0.9701463585733875,
                "Training F1 (macro)": 0.9127605229128809,
                "Training F1 (micro)": 0.9701463585733875,
                "Valid. Loss": 0.23132244418348122,
                "Valid. Accur.": 0.9559800664451826,
                "Valid. Precision (macro)": 0.9612620081460367,
                "Valid. Precision (micro)": 0.9685671960021812,
                "Valid. Recall (macro)": 0.8493062189942915,
                "Valid. Recall (micro)": 0.9685671960021812,
                "Valid. F1 (macro)": 0.8939482974714259,
                "Valid. F1 (micro)": 0.9685671960021812,
                "Training Time": "0:02:07",
                "Validation Time": "0:00:11"
            },
            {
                "epoch": 3,
                "Training Loss": 0.029165850426368198,
                "Training Accur.": 0.9902145561256321,
                "Training Precision (macro)": 0.978533308935717,
                "Training Precision (micro)": 0.9902145561256321,
                "Training Recall (macro)": 0.96647338032625,
                "Training Recall (micro)": 0.9902145561256321,
                "Training F1 (macro)": 0.972307583667537,
                "Training F1 (micro)": 0.9902145561256321,
                "Valid. Loss": 0.253953804428145,
                "Valid. Accur.": 0.9534883720930233,
                "Valid. Precision (macro)": 0.8797726565529069,
                "Valid. Precision (micro)": 0.9633891768250116,
                "Valid. Recall (macro)": 0.9112141743910237,
                "Valid. Recall (micro)": 0.9633891768250116,
                "Valid. F1 (macro)": 0.8942514868053761,
                "Valid. F1 (micro)": 0.9633891768250116,
                "Training Time": "0:02:07",
                "Validation Time": "0:00:11"
            }
        ],
        [
            {
                "epoch": 1,
                "Training Loss": 0.06407865195137145,
                "Training Accur.": 0.9819011589713824,
                "Training Precision (macro)": 0.9606460617167693,
                "Training Precision (micro)": 0.9819011589713824,
                "Training Recall (macro)": 0.9450125841533888,
                "Training Recall (micro)": 0.9819011589713824,
                "Training F1 (macro)": 0.952253080043145,
                "Training F1 (micro)": 0.9819011589713824,
                "Valid. Loss": 0.01151601538511513,
                "Valid. Accur.": 0.997093023255814,
                "Valid. Precision (macro)": 0.9995137046635985,
                "Valid. Precision (micro)": 0.9991524092256626,
                "Valid. Recall (macro)": 0.9967788100900765,
                "Valid. Recall (micro)": 0.9991524092256626,
                "Valid. F1 (macro)": 0.9981251897523956,
                "Valid. F1 (micro)": 0.9991524092256626,
                "Training Time": "0:02:07",
                "Validation Time": "0:00:11"
            },
            {
                "epoch": 2,
                "Training Loss": 0.02065227774420596,
                "Training Accur.": 0.997172545379239,
                "Training Precision (macro)": 0.9968157317598039,
                "Training Precision (micro)": 0.997172545379239,
                "Training Recall (macro)": 0.9873216559649042,
                "Training Recall (micro)": 0.997172545379239,
                "Training F1 (macro)": 0.9919833324111357,
                "Training F1 (micro)": 0.997172545379239,
                "Valid. Loss": 0.013765164831014308,
                "Valid. Accur.": 0.997093023255814,
                "Valid. Precision (macro)": 0.9973498118000476,
                "Valid. Precision (micro)": 0.9952552055844436,
                "Valid. Recall (macro)": 0.9777902235780703,
                "Valid. Recall (micro)": 0.9952552055844436,
                "Valid. F1 (macro)": 0.9870747884267879,
                "Valid. F1 (micro)": 0.9952552055844436,
                "Training Time": "0:02:07",
                "Validation Time": "0:00:11"
            },
            {
                "epoch": 3,
                "Training Loss": 0.014863485179460461,
                "Training Accur.": 0.99758720840697,
                "Training Precision (macro)": 0.9975264513719047,
                "Training Precision (micro)": 0.99758720840697,
                "Training Recall (macro)": 0.9879356694742009,
                "Training Recall (micro)": 0.99758720840697,
                "Training F1 (macro)": 0.9926430959290257,
                "Training F1 (micro)": 0.99758720840697,
                "Valid. Loss": 0.012475217584429883,
                "Valid. Accur.": 0.997093023255814,
                "Valid. Precision (macro)": 0.9991210051338663,
                "Valid. Precision (micro)": 0.9984473597556537,
                "Valid. Recall (macro)": 0.9935510537442561,
                "Valid. Recall (micro)": 0.9984473597556537,
                "Valid. F1 (macro)": 0.9962827583669465,
                "Valid. F1 (micro)": 0.9984473597556537,
                "Training Time": "0:02:07",
                "Validation Time": "0:00:11"
            }
        ],
        [
            {
                "epoch": 1,
                "Training Loss": 0.020974622668840905,
                "Training Accur.": 0.9988911437281192,
                "Training Precision (macro)": 0.9987205084253409,
                "Training Precision (micro)": 0.9988911437281192,
                "Training Recall (macro)": 0.9952757384451472,
                "Training Recall (micro)": 0.9988911437281192,
                "Training F1 (macro)": 0.9969839779912256,
                "Training F1 (micro)": 0.9988911437281192,
                "Valid. Loss": 8.724219938009154e-05,
                "Valid. Accur.": 1.0,
                "Valid. Precision (macro)": 1.0,
                "Valid. Precision (micro)": 1.0,
                "Valid. Recall (macro)": 1.0,
                "Valid. Recall (micro)": 1.0,
                "Valid. F1 (macro)": 1.0,
                "Valid. F1 (micro)": 1.0,
                "Training Time": "0:02:07",
                "Validation Time": "0:00:11"
            },
            {
                "epoch": 2,
                "Training Loss": 0.0032288026465065803,
                "Training Accur.": 0.9996696976198787,
                "Training Precision (macro)": 0.9998154238869347,
                "Training Precision (micro)": 0.9996696976198787,