{
    "cross-validation": [
        [
            {
                "epoch": 1,
                "Training Loss": 0.22209753856604578,
                "Training Accur.": 0.8860107207852533,
                "Training Precision (macro)": 0.6804580125046146,
                "Training Precision (micro)": 0.8860107207852533,
                "Training Recall (macro)": 0.5798190712724418,
                "Training Recall (micro)": 0.8860107207852533,
                "Training F1 (macro)": 0.6019038720816774,
                "Training F1 (micro)": 0.8860107207852533,
                "Valid. Loss": 0.19803354801301476,
                "Valid. Accur.": 0.936046511627907,
                "Valid. Precision (macro)": 0.8308212976454035,
                "Valid. Precision (micro)": 0.9367224382770688,
                "Valid. Recall (macro)": 0.7719809790293489,
                "Valid. Recall (micro)": 0.9367224382770688,
                "Valid. F1 (macro)": 0.796931711773657,
                "Valid. F1 (micro)": 0.9367224382770688,
                "Training Time": "0:04:14",
                "Validation Time": "0:00:22"
            },
            {
                "epoch": 2,
                "Training Loss": 0.09378227016514537,
                "Training Accur.": 0.9775207304382387,
                "Training Precision (macro)": 0.9398017216946948,
                "Training Precision (micro)": 0.9775207304382387,
                "Training Recall (macro)": 0.9346798897371905,
                "Training Recall (micro)": 0.9775207304382387,
                "Training F1 (macro)": 0.9368018058763927,
                "Training F1 (micro)": 0.9775207304382387,
                "Valid. Loss": 0.3039940234759638,
                "Valid. Accur.": 0.940406976744186,
                "Valid. Precision (macro)": 0.8450545614439154,
                "Valid. Precision (micro)": 0.9458767103123477,
                "Valid. Recall (macro)": 0.8180160900884393,
                "Valid. Recall (micro)": 0.9458767103123477,
                "Valid. F1 (macro)": 0.8301123798019876,
                "Valid. F1 (micro)": 0.9458767103123477,
                "Training Time": "0:04:13",
                "Validation Time": "0:00:22"
            },
            {
                "epoch": 3,
                "Training Loss": 0.037379639514553246,
                "Training Accur.": 0.9912153833425349,
                "Training Precision (macro)": 0.9831720392192999,
                "Training Precision (micro)": 0.9912153833425349,
                "Training Recall (macro)": 0.9677556074809084,
                "Training Recall (micro)": 0.9912153833425349,
                "Training F1 (macro)": 0.9752389694326835,
                "Training F1 (micro)": 0.9912153833425349,
                "Valid. Loss": 0.36854115925149905,
                "Valid. Accur.": 0.930717054263566,
                "Valid. Precision (macro)": 0.8659858262704512,
                "Valid. Precision (micro)": 0.949083325134507,
                "Valid. Recall (macro)": 0.8699637250706398,
                "Valid. Recall (micro)": 0.949083325134507,
                "Valid. F1 (macro)": 0.8664606881262414,
                "Valid. F1 (micro)": 0.949083325134507,
                "Training Time": "0:04:14",
                "Validation Time": "0:00:22"
            }
        ],
        [
            {
                "epoch": 1,
                "Training Loss": 0.10807030114917826,
                "Training Accur.": 0.9773748248679969,
                "Training Precision (macro)": 0.9386449812730124,
                "Training Precision (micro)": 0.9773748248679969,
                "Training Recall (macro)": 0.922710193663408,
                "Training Recall (micro)": 0.9773748248679969,
                "Training F1 (macro)": 0.9297330681303582,
                "Training F1 (micro)": 0.9773748248679969,
                "Valid. Loss": 0.014180166283717141,
                "Valid. Accur.": 0.997093023255814,
                "Valid. Precision (macro)": 0.9975355469756886,
                "Valid. Precision (micro)": 0.9981094378016743,
                "Valid. Recall (macro)": 0.9889090484663569,
                "Valid. Recall (micro)": 0.9981094378016743,
                "Valid. F1 (macro)": 0.9931250941640823,
                "Valid. F1 (micro)": 0.9981094378016743,
                "Training Time": "0:04:14",
                "Validation Time": "0:00:22"
            },
            {
                "epoch": 2,
                "Training Loss": 0.033077080958271186,
                "Training Accur.": 0.9924489319050175,
                "Training Precision (macro)": 0.9827782724801091,
                "Training Precision (micro)": 0.9924489319050175,
                "Training Recall (macro)": 0.9777262869317468,
                "Training Recall (micro)": 0.9924489319050175,
                "Training F1 (macro)": 0.9801293938773851,
                "Training F1 (micro)": 0.9924489319050175,
                "Valid. Loss": 0.015413380851854062,
                "Valid. Accur.": 0.9956395348837209,
                "Valid. Precision (macro)": 0.9870074904205929,
                "Valid. Precision (micro)": 0.996499551020586,
                "Valid. Recall (macro)": 0.9911572238447043,
                "Valid. Recall (micro)": 0.996499551020586,
                "Valid. F1 (macro)": 0.9890269586718825,
                "Valid. F1 (micro)": 0.996499551020586,
                "Training Time": "0:04:14",
                "Validation Time": "0:00:22"
            },
            {
                "epoch": 3,
                "Training Loss": 0.009332761826052544,
                "Training Accur.": 0.9983624773612172,
                "Training Precision (macro)": 0.9969883068416276,
                "Training Precision (micro)": 0.9983624773612172,
                "Training Recall (macro)": 0.9938945045957601,
                "Training Recall (micro)": 0.9983624773612172,
                "Training F1 (macro)": 0.9954298279994169,
                "Training F1 (micro)": 0.9983624773612172,
                "Valid. Loss": 0.029054977862595182,
                "Valid. Accur.": 0.9941860465116279,
                "Valid. Precision (macro)": 0.9808453568327296,
                "Valid. Precision (micro)": 0.9957499280012653,
                "Valid. Recall (macro)": 0.9969128664823533,
                "Valid. Recall (micro)": 0.9957499280012653,
                "Valid. F1 (macro)": 0.9886591978165483,
                "Valid. F1 (micro)": 0.9957499280012653,
                "Training Time": "0:04:13",
                "Validation Time": "0:00:22"
            }
        ],
        [
            {
                "epoch": 1,
                "Training Loss": 0.014142468600119746,
                "Training Accur.": 0.9958245400382778,
                "Training Precision (macro)": 0.9918858925225258,
                "Training Precision (micro)": 0.9958245400382778,
                "Training Recall (macro)": 0.9841891277313057,
                "Training Recall (micro)": 0.9958245400382778,
                "Training F1 (macro)": 0.9879708004523503,
                "Training F1 (micro)": 0.9958245400382778,
                "Valid. Loss": 0.003750067045879151,
                "Valid. Accur.": 0.998546511627907,
                "Valid. Precision (macro)": 0.9936612916974311,
                "Valid. Precision (micro)": 0.9987054721605125,
                "Valid. Recall (macro)": 0.9992808151322574,
                "Valid. Recall (micro)": 0.9987054721605125,
                "Valid. F1 (macro)": 0.9964341844625639,
                "Valid. F1 (micro)": 0.9987054721605125,
                "Training Time": "0:04:13",
                "Validation Time": "0:00:22"
            },
            {
                "epoch": 2,
                "Training Loss": 0.006156067509824112,
                "Training Accur.": 0.9971947874153196,
                "Training Precision (macro)": 0.9897137808778432,