{
    "cross-validation": [
        [
            {
                "epoch": 1,
                "Training Loss": 0.2276143449315325,
                "Training Accur.": 0.8813374931108918,
                "Training Precision (macro)": 0.5868251883998366,
                "Training Precision (micro)": 0.8813374931108918,
                "Training Recall (macro)": 0.527233988532871,
                "Training Recall (micro)": 0.8813374931108918,
                "Training F1 (macro)": 0.5350230466064372,
                "Training F1 (micro)": 0.8813374931108918,
                "Valid. Loss": 0.1423486693076686,
                "Valid. Accur.": 0.9490740740740741,
                "Valid. Precision (macro)": 0.7649393316264872,
                "Valid. Precision (micro)": 0.9433119530760412,
                "Valid. Recall (macro)": 0.9139063135343938,
                "Valid. Recall (micro)": 0.9433119530760412,
                "Valid. F1 (macro)": 0.8058640095469861,
                "Valid. F1 (micro)": 0.9433119530760412,
                "Training Time": "0:02:39",
                "Validation Time": "0:00:14"
            },
            {
                "epoch": 2,
                "Training Loss": 0.09124556726093816,
                "Training Accur.": 0.9740466010922225,
                "Training Precision (macro)": 0.9336587164258023,
                "Training Precision (micro)": 0.9740466010922225,
                "Training Recall (macro)": 0.9203802762086016,
                "Training Recall (micro)": 0.9740466010922225,
                "Training F1 (macro)": 0.9261573176128106,
                "Training F1 (micro)": 0.9740466010922225,
                "Valid. Loss": 0.1833536622537024,
                "Valid. Accur.": 0.9560185185185185,
                "Valid. Precision (macro)": 0.7614041292341563,
                "Valid. Precision (micro)": 0.9520965922600279,
                "Valid. Recall (macro)": 0.7988620374750857,
                "Valid. Recall (micro)": 0.9520965922600279,
                "Valid. F1 (macro)": 0.7739099696772033,
                "Valid. F1 (micro)": 0.9520965922600279,
                "Training Time": "0:02:38",
                "Validation Time": "0:00:14"
            },
            {
                "epoch": 3,
                "Training Loss": 0.019696830617680842,
                "Training Accur.": 0.997689006992028,
                "Training Precision (macro)": 0.9980020807093953,
                "Training Precision (micro)": 0.997689006992028,
                "Training Recall (macro)": 0.9886524234363018,
                "Training Recall (micro)": 0.997689006992028,
                "Training F1 (macro)": 0.9932498560384745,
                "Training F1 (micro)": 0.997689006992028,
                "Valid. Loss": 0.278640471437905,
                "Valid. Accur.": 0.9375,
                "Valid. Precision (macro)": 0.773788076846344,
                "Valid. Precision (micro)": 0.9306441197060104,
                "Valid. Recall (macro)": 0.9425610849260442,
                "Valid. Recall (micro)": 0.9306441197060104,
                "Valid. F1 (macro)": 0.828077992735796,
                "Valid. F1 (micro)": 0.9306441197060104,
                "Training Time": "0:02:38",
                "Validation Time": "0:00:14"
            }
        ],
        [
            {
                "epoch": 1,
                "Training Loss": 0.05936680699754127,
                "Training Accur.": 0.9868228059463839,
                "Training Precision (macro)": 0.9672209594457851,
                "Training Precision (micro)": 0.9868228059463839,
                "Training Recall (macro)": 0.9652761198928628,
                "Training Recall (micro)": 0.9868228059463839,
                "Training F1 (macro)": 0.9661868852191118,
                "Training F1 (micro)": 0.9868228059463839,
                "Valid. Loss": 0.0031648911454895926,
                "Valid. Accur.": 0.9976851851851852,
                "Valid. Precision (macro)": 0.9964869034629735,
                "Valid. Precision (micro)": 0.9993689198818636,
                "Valid. Recall (macro)": 0.9996542953937385,
                "Valid. Recall (micro)": 0.9993689198818636,
                "Valid. F1 (macro)": 0.9980441220632317,
                "Valid. F1 (micro)": 0.9993689198818636,
                "Training Time": "0:02:38",
                "Validation Time": "0:00:14"
            },
            {
                "epoch": 2,
                "Training Loss": 0.01644124344605844,
                "Training Accur.": 0.9984661005371185,
                "Training Precision (macro)": 0.9978099246180998,
                "Training Precision (micro)": 0.9984661005371185,
                "Training Recall (macro)": 0.9931733031653439,
                "Training Recall (micro)": 0.9984661005371185,
                "Training F1 (macro)": 0.9954673718039206,
                "Training F1 (micro)": 0.9984661005371185,
                "Valid. Loss": 0.00012560526549889431,
                "Valid. Accur.": 1.0,
                "Valid. Precision (macro)": 1.0,
                "Valid. Precision (micro)": 1.0,
                "Valid. Recall (macro)": 1.0,
                "Valid. Recall (micro)": 1.0,
                "Valid. F1 (macro)": 1.0,
                "Valid. F1 (micro)": 1.0,
                "Training Time": "0:02:38",
                "Validation Time": "0:00:14"
            },
            {
                "epoch": 3,
                "Training Loss": 0.014691884437749205,
                "Training Accur.": 0.997742107357198,
                "Training Precision (macro)": 0.991746197699485,
                "Training Precision (micro)": 0.997742107357198,
                "Training Recall (macro)": 0.9950308429517271,
                "Training Recall (micro)": 0.997742107357198,
                "Training F1 (macro)": 0.993341459417672,
                "Training F1 (micro)": 0.997742107357198,
                "Valid. Loss": 0.0039721293362365235,
                "Valid. Accur.": 0.9976851851851852,
                "Valid. Precision (macro)": 0.9545620810764196,
                "Valid. Precision (micro)": 0.9928806483938111,
                "Valid. Recall (macro)": 0.9961944749405846,
                "Valid. Recall (micro)": 0.9928806483938111,
                "Valid. F1 (macro)": 0.9727351701043359,
                "Valid. F1 (micro)": 0.9928806483938111,
                "Training Time": "0:02:38",
                "Validation Time": "0:00:14"
            }
        ],
        [
            {
                "epoch": 1,
                "Training Loss": 0.004034771560183672,
                "Training Accur.": 0.9959458043791252,
                "Training Precision (macro)": 0.9819236486073138,
                "Training Precision (micro)": 0.9959458043791252,
                "Training Recall (macro)": 0.9924019200086787,
                "Training Recall (micro)": 0.9959458043791252,
                "Training F1 (macro)": 0.9860461482288239,
                "Training F1 (micro)": 0.9959458043791252,
                "Valid. Loss": 4.1936060538487424e-05,
                "Valid. Accur.": 1.0,
                "Valid. Precision (macro)": 1.0,
                "Valid. Precision (micro)": 1.0,
                "Valid. Recall (macro)": 1.0,
                "Valid. Recall (micro)": 1.0,
                "Valid. F1 (macro)": 1.0,
                "Valid. F1 (micro)": 1.0,
                "Training Time": "0:02:38",
                "Validation Time": "0:00:14"
            },
            {
                "epoch": 2,
                "Training Loss": 0.005220370109651243,
                "Training Accur.": 0.998952468971756,
                "Training Precision (macro)": 0.9964868002825179,
                "Training Precision (micro)": 0.998952468971756,
                "Training Recall (macro)": 0.9972756453923665,
                "Training Recall (micro)": 0.998952468971756,