{
    "training_and_val": [
        {
            "epoch": 1,
            "Training Loss": 0.21389514953080638,
            "Training Accur.": 0.8968770627420262,
            "Training Precision (macro)": 0.7175611883661381,
            "Training Precision (micro)": 0.8968770627420262,
            "Training Recall (macro)": 0.6096714309262578,
            "Training Recall (micro)": 0.8968770627420262,
            "Training F1 (macro)": 0.6328197857666391,
            "Training F1 (micro)": 0.8968770627420262,
            "Valid. Loss": 0.1700560699762969,
            "Valid. Accur.": 0.9209770114942528,
            "Valid. Precision (macro)": 0.7773357048810164,
            "Valid. Precision (micro)": 0.9347679073150024,
            "Valid. Recall (macro)": 0.9366651734506012,
            "Valid. Recall (micro)": 0.9347679073150024,
            "Valid. F1 (macro)": 0.8285175321101479,
            "Valid. F1 (micro)": 0.9347679073150024,
            "Training Time": "0:05:46",
            "Validation Time": "0:00:15"
        },
        {
            "epoch": 2,
            "Training Loss": 0.10851975964546642,
            "Training Accur.": 0.9604135396685555,
            "Training Precision (macro)": 0.8903268031894579,
            "Training Precision (micro)": 0.9604135396685555,
            "Training Recall (macro)": 0.869159366261007,
            "Training Recall (micro)": 0.9604135396685555,
            "Training F1 (macro)": 0.8789764470023924,
            "Training F1 (micro)": 0.9604135396685555,
            "Valid. Loss": 0.20928392243764266,
            "Valid. Accur.": 0.9425287356321839,
            "Valid. Precision (macro)": 0.8277066970646891,
            "Valid. Precision (micro)": 0.9403388681179811,
            "Valid. Recall (macro)": 0.792723522906242,
            "Valid. Recall (micro)": 0.9403388681179811,
            "Valid. F1 (macro)": 0.8083993937319082,
            "Valid. F1 (micro)": 0.9403388681179811,
            "Training Time": "0:05:53",
            "Validation Time": "0:00:15"
        },
        {
            "epoch": 3,
            "Training Loss": 0.05335094580887908,
            "Training Accur.": 0.9854944558200701,
            "Training Precision (macro)": 0.9531973939905442,
            "Training Precision (micro)": 0.9854944558200701,
            "Training Recall (macro)": 0.9605717614133507,
            "Training Recall (micro)": 0.9854944558200701,
            "Training F1 (macro)": 0.9567417090855201,
            "Training F1 (micro)": 0.9854944558200701,
            "Valid. Loss": 0.2680603883285397,
            "Valid. Accur.": 0.923132183908046,
            "Valid. Precision (macro)": 0.7647350441475496,
            "Valid. Precision (micro)": 0.9295824630613094,
            "Valid. Recall (macro)": 0.8429885256450149,
            "Valid. Recall (micro)": 0.9295824630613094,
            "Valid. F1 (macro)": 0.7960575397465608,
            "Valid. F1 (micro)": 0.9295824630613094,
            "Training Time": "0:05:53",
            "Validation Time": "0:00:15"
        }
    ],
    "test": {
        "Test Accur.": 0.9229972187660473,
        "Test Precision (macro)": 0.7383834566931587,
        "Test Precision (micro)": 0.9229972187660473,
        "Test Recall (macro)": 0.8999564570423174,
        "Test Recall (micro)": 0.9229972187660473,
        "Test F1 (macro)": 0.7849010113508255,
        "Test F1 (micro)": 0.9229972187660473
    }
}