{
    "training_and_val": [
        {
            "epoch": 1,
            "Training Loss": 0.20666894413046905,
            "Training Accur.": 0.913939927283456,
            "Training Precision (macro)": 0.7702471370111033,
            "Training Precision (micro)": 0.913939927283456,
            "Training Recall (macro)": 0.6807437728361093,
            "Training Recall (micro)": 0.913939927283456,
            "Training F1 (macro)": 0.7087697049917766,
            "Training F1 (micro)": 0.913939927283456,
            "Valid. Loss": 0.1466434077490448,
            "Valid. Accur.": 0.9444444444444445,
            "Valid. Precision (macro)": 0.9075332450489095,
            "Valid. Precision (micro)": 0.9622978690136866,
            "Valid. Recall (macro)": 0.8837551321899497,
            "Valid. Recall (micro)": 0.9622978690136866,
            "Valid. F1 (macro)": 0.8945404435730924,
            "Valid. F1 (micro)": 0.9622978690136866,
            "Training Time": "0:05:54",
            "Validation Time": "0:00:14"
        },
        {
            "epoch": 2,
            "Training Loss": 0.10966550501117109,
            "Training Accur.": 0.9667063941688132,
            "Training Precision (macro)": 0.9088394166581591,
            "Training Precision (micro)": 0.9667063941688132,
            "Training Recall (macro)": 0.907766894817082,
            "Training Recall (micro)": 0.9667063941688132,
            "Training F1 (macro)": 0.908193342681256,
            "Training F1 (micro)": 0.9667063941688132,
            "Valid. Loss": 0.26151703402023196,
            "Valid. Accur.": 0.9407894736842105,
            "Valid. Precision (macro)": 0.8035521720912827,
            "Valid. Precision (micro)": 0.9358179834964021,
            "Valid. Recall (macro)": 0.8548128920197988,
            "Valid. Recall (micro)": 0.9358179834964021,
            "Valid. F1 (macro)": 0.8240941572415205,
            "Valid. F1 (micro)": 0.9358179834964021,
            "Training Time": "0:06:03",
            "Validation Time": "0:00:14"
        },
        {
            "epoch": 3,
            "Training Loss": 0.08134939660093925,
            "Training Accur.": 0.9779507338173535,
            "Training Precision (macro)": 0.9362571157518538,
            "Training Precision (micro)": 0.9779507338173535,
            "Training Recall (macro)": 0.9433247690487008,
            "Training Recall (micro)": 0.9779507338173535,
            "Training F1 (macro)": 0.9392866797818519,
            "Training F1 (micro)": 0.9779507338173535,
            "Valid. Loss": 0.2668030100329289,
            "Valid. Accur.": 0.9473684210526315,
            "Valid. Precision (macro)": 0.8536055623133123,
            "Valid. Precision (micro)": 0.9358832250407008,
            "Valid. Recall (macro)": 0.8101218328270489,
            "Valid. Recall (micro)": 0.9358832250407008,
            "Valid. F1 (macro)": 0.827710181156687,
            "Valid. F1 (micro)": 0.9358832250407008,
            "Training Time": "0:06:03",
            "Validation Time": "0:00:14"
        }
    ],
    "test": {
        "Test Accur.": 0.9517088867710799,
        "Test Precision (macro)": 0.948918811102746,
        "Test Precision (micro)": 0.9517088867710799,
        "Test Recall (macro)": 0.7701824919549008,
        "Test Recall (micro)": 0.9517088867710799,
        "Test F1 (macro)": 0.8274512855054016,
        "Test F1 (micro)": 0.9517088867710799
    }
}