{
    "cross-validation": [
        [
            {
                "epoch": 1,
                "Training Loss": 0.2298136500100237,
                "Training Accur.": 0.8811343410455482,
                "Training Precision (macro)": 0.6314431842674526,
                "Training Precision (micro)": 0.8811343410455482,
                "Training Recall (macro)": 0.549544083689379,
                "Training Recall (micro)": 0.8811343410455482,
                "Training F1 (macro)": 0.5600879420511591,
                "Training F1 (micro)": 0.8811343410455482,
                "Valid. Loss": 0.1250712870516711,
                "Valid. Accur.": 0.9432870370370371,
                "Valid. Precision (macro)": 0.8177994830976734,
                "Valid. Precision (micro)": 0.9414482982804597,
                "Valid. Recall (macro)": 0.9165365554533526,
                "Valid. Recall (micro)": 0.9414482982804597,
                "Valid. F1 (macro)": 0.8572541998971954,
                "Valid. F1 (micro)": 0.9414482982804597,
                "Training Time": "0:04:59",
                "Validation Time": "0:00:28"
            },
            {
                "epoch": 2,
                "Training Loss": 0.10447812977106159,
                "Training Accur.": 0.9620513645878894,
                "Training Precision (macro)": 0.8843724236343135,
                "Training Precision (micro)": 0.9620513645878894,
                "Training Recall (macro)": 0.854823472201154,
                "Training Recall (micro)": 0.9620513645878894,
                "Training F1 (macro)": 0.8681839074335708,
                "Training F1 (micro)": 0.9620513645878894,
                "Valid. Loss": 0.13817375891031353,
                "Valid. Accur.": 0.9537037037037037,
                "Valid. Precision (macro)": 0.8674075456071854,
                "Valid. Precision (micro)": 0.9583635485844413,
                "Valid. Recall (macro)": 0.9022355255853995,
                "Valid. Recall (micro)": 0.9583635485844413,
                "Valid. F1 (macro)": 0.8826778019347715,
                "Valid. F1 (micro)": 0.9583635485844413,
                "Training Time": "0:05:01",
                "Validation Time": "0:00:28"
            },
            {
                "epoch": 3,
                "Training Loss": 0.05009036434335136,
                "Training Accur.": 0.9849166212538968,
                "Training Precision (macro)": 0.9578509262553955,
                "Training Precision (micro)": 0.9849166212538968,
                "Training Recall (macro)": 0.9499815301027874,
                "Training Recall (micro)": 0.9849166212538968,
                "Training F1 (macro)": 0.9536405433620377,
                "Training F1 (micro)": 0.9849166212538968,
                "Valid. Loss": 0.18708597570097213,
                "Valid. Accur.": 0.9571759259259259,
                "Valid. Precision (macro)": 0.9190640000424912,
                "Valid. Precision (micro)": 0.9575022934690713,
                "Valid. Recall (macro)": 0.8238935008265501,
                "Valid. Recall (micro)": 0.9575022934690713,
                "Valid. F1 (macro)": 0.8621293856908651,
                "Valid. F1 (micro)": 0.9575022934690713,
                "Training Time": "0:05:01",
                "Validation Time": "0:00:28"
            }
        ],
        [
            {
                "epoch": 1,
                "Training Loss": 0.06235211452301375,
                "Training Accur.": 0.9894847353470438,
                "Training Precision (macro)": 0.9770901922347645,
                "Training Precision (micro)": 0.9894847353470438,
                "Training Recall (macro)": 0.9662488870470002,
                "Training Recall (micro)": 0.9894847353470438,
                "Training F1 (macro)": 0.971530025509214,
                "Training F1 (micro)": 0.9894847353470438,
                "Valid. Loss": 0.03392013713191436,
                "Valid. Accur.": 0.9884259259259259,
                "Valid. Precision (macro)": 0.9571874711192081,
                "Valid. Precision (micro)": 0.9875878517890387,
                "Valid. Recall (macro)": 0.97141111127357,
                "Valid. Recall (micro)": 0.9875878517890387,
                "Valid. F1 (macro)": 0.963953486462094,
                "Valid. F1 (micro)": 0.9875878517890387,
                "Training Time": "0:05:01",
                "Validation Time": "0:00:28"
            },
            {
                "epoch": 2,
                "Training Loss": 0.03018492542337193,
                "Training Accur.": 0.9927292642373701,
                "Training Precision (macro)": 0.9785046305252515,
                "Training Precision (micro)": 0.9927292642373701,
                "Training Recall (macro)": 0.9817620369187252,
                "Training Recall (micro)": 0.9927292642373701,
                "Training F1 (macro)": 0.980056968252427,
                "Training F1 (micro)": 0.9927292642373701,
                "Valid. Loss": 0.05663715757395106,
                "Valid. Accur.": 0.9849537037037037,
                "Valid. Precision (macro)": 0.954759144356934,
                "Valid. Precision (micro)": 0.9902511131523097,
                "Valid. Recall (macro)": 0.9922717279482952,
                "Valid. Recall (micro)": 0.9902511131523097,
                "Valid. F1 (macro)": 0.9722927025244839,
                "Valid. F1 (micro)": 0.9902511131523097,
                "Training Time": "0:05:01",
                "Validation Time": "0:00:28"
            },
            {
                "epoch": 3,
                "Training Loss": 0.012484220179172808,
                "Training Accur.": 0.9985795394539221,
                "Training Precision (macro)": 0.9960326860955713,
                "Training Precision (micro)": 0.9985795394539221,
                "Training Recall (macro)": 0.9966522482177413,
                "Training Recall (micro)": 0.9985795394539221,
                "Training F1 (macro)": 0.9963401368914362,
                "Training F1 (micro)": 0.9985795394539221,
                "Valid. Loss": 0.07538432849105448,
                "Valid. Accur.": 0.9821127946127945,
                "Valid. Precision (macro)": 0.9433385246075283,
                "Valid. Precision (micro)": 0.9830364562281804,
                "Valid. Recall (macro)": 0.9635356786095657,
                "Valid. Recall (micro)": 0.9830364562281804,
                "Valid. F1 (macro)": 0.9528881057719342,
                "Valid. F1 (micro)": 0.9830364562281804,
                "Training Time": "0:05:01",
                "Validation Time": "0:00:28"
            }
        ],
        [
            {
                "epoch": 1,
                "Training Loss": 0.025359597603511606,
                "Training Accur.": 0.9925068044115861,
                "Training Precision (macro)": 0.983318561398059,
                "Training Precision (micro)": 0.9925068044115861,
                "Training Recall (macro)": 0.9752798265122183,
                "Training Recall (micro)": 0.9925068044115861,
                "Training F1 (macro)": 0.9792460573295767,
                "Training F1 (micro)": 0.9925068044115861,
                "Valid. Loss": 0.0021175490433557164,
                "Valid. Accur.": 0.9988425925925926,
                "Valid. Precision (macro)": 0.9986072231731886,
                "Valid. Precision (micro)": 0.9997120423862966,
                "Valid. Recall (macro)": 0.9998396458434863,
                "Valid. Recall (micro)": 0.9997120423862966,
                "Valid. F1 (macro)": 0.9992189714671036,
                "Valid. F1 (micro)": 0.9997120423862966,
                "Training Time": "0:05:01",
                "Validation Time": "0:00:28"
            },
            {
                "epoch": 2,
                "Training Loss": 0.005729922133570315,
                "Training Accur.": 0.997459545451138,
                "Training Precision (macro)": 0.9954842410914242,