{
    "cross-validation": [
        [
            {
                "epoch": 1,
                "Training Loss": 0.2043130816783496,
                "Training Accur.": 0.90164080372437,
                "Training Precision (macro)": 0.7384233456224945,
                "Training Precision (micro)": 0.90164080372437,
                "Training Recall (macro)": 0.5964501915489933,
                "Training Recall (micro)": 0.90164080372437,
                "Training F1 (macro)": 0.6180671276968006,
                "Training F1 (micro)": 0.90164080372437,
                "Valid. Loss": 0.13569336274155863,
                "Valid. Accur.": 0.9456018518518519,
                "Valid. Precision (macro)": 0.8227832792227464,
                "Valid. Precision (micro)": 0.9383945463637474,
                "Valid. Recall (macro)": 0.7996381515375263,
                "Valid. Recall (micro)": 0.9383945463637474,
                "Valid. F1 (macro)": 0.8100216410731766,
                "Valid. F1 (micro)": 0.9383945463637474,
                "Training Time": "0:04:58",
                "Validation Time": "0:00:28"
            },
            {
                "epoch": 2,
                "Training Loss": 0.09803656195290386,
                "Training Accur.": 0.9727887077240032,
                "Training Precision (macro)": 0.9315664403881211,
                "Training Precision (micro)": 0.9727887077240032,
                "Training Recall (macro)": 0.9077917223800448,
                "Training Recall (micro)": 0.9727887077240032,
                "Training F1 (macro)": 0.9189759237361275,
                "Training F1 (micro)": 0.9727887077240032,
                "Valid. Loss": 0.1499244675980191,
                "Valid. Accur.": 0.9508627946127945,
                "Valid. Precision (macro)": 0.8649308098770617,
                "Valid. Precision (micro)": 0.9474792520836146,
                "Valid. Recall (macro)": 0.8719333156014469,
                "Valid. Recall (micro)": 0.9474792520836146,
                "Valid. F1 (macro)": 0.8674172925223103,
                "Valid. F1 (micro)": 0.9474792520836146,
                "Training Time": "0:05:01",
                "Validation Time": "0:00:28"
            },
            {
                "epoch": 3,
                "Training Loss": 0.03652044116210756,
                "Training Accur.": 0.9917928712615588,
                "Training Precision (macro)": 0.9708618843021649,
                "Training Precision (micro)": 0.9917928712615588,
                "Training Recall (macro)": 0.9807290923487818,
                "Training Recall (micro)": 0.9917928712615588,
                "Training F1 (macro)": 0.9755855565554242,
                "Training F1 (micro)": 0.9917928712615588,
                "Valid. Loss": 0.18366214654330784,
                "Valid. Accur.": 0.9548611111111112,
                "Valid. Precision (macro)": 0.8710695838612634,
                "Valid. Precision (micro)": 0.952204128133073,
                "Valid. Recall (macro)": 0.8615892341542026,
                "Valid. Recall (micro)": 0.952204128133073,
                "Valid. F1 (macro)": 0.8657570013957645,
                "Valid. F1 (micro)": 0.952204128133073,
                "Training Time": "0:05:01",
                "Validation Time": "0:00:28"
            }
        ],
        [
            {
                "epoch": 1,
                "Training Loss": 0.06547342979411465,
                "Training Accur.": 0.9863161928057115,
                "Training Precision (macro)": 0.974257091518165,
                "Training Precision (micro)": 0.9863161928057115,
                "Training Recall (macro)": 0.9511219635019527,
                "Training Recall (micro)": 0.9863161928057115,
                "Training F1 (macro)": 0.9622649025662419,
                "Training F1 (micro)": 0.9863161928057115,
                "Valid. Loss": 0.01889211947585594,
                "Valid. Accur.": 0.9953703703703703,
                "Valid. Precision (macro)": 0.9970518214729354,
                "Valid. Precision (micro)": 0.994478987483729,
                "Valid. Recall (macro)": 0.9602497515294354,
                "Valid. Recall (micro)": 0.994478987483729,
                "Valid. F1 (macro)": 0.977482177182118,
                "Valid. F1 (micro)": 0.994478987483729,
                "Training Time": "0:05:01",
                "Validation Time": "0:00:28"
            },
            {
                "epoch": 2,
                "Training Loss": 0.024997814155189146,
                "Training Accur.": 0.9930316662912136,
                "Training Precision (macro)": 0.9886510077528174,
                "Training Precision (micro)": 0.9930316662912136,
                "Training Recall (macro)": 0.9762192016380358,
                "Training Recall (micro)": 0.9930316662912136,
                "Training F1 (macro)": 0.9822246997760181,
                "Training F1 (micro)": 0.9930316662912136,
                "Valid. Loss": 0.023356977842114348,
                "Valid. Accur.": 0.9942129629629629,
                "Valid. Precision (macro)": 0.9873022150722064,
                "Valid. Precision (micro)": 0.9959850980280174,
                "Valid. Recall (macro)": 0.9873732771522806,
                "Valid. Recall (micro)": 0.9959850980280174,
                "Valid. F1 (macro)": 0.9873213001230469,
                "Valid. F1 (micro)": 0.9959850980280174,
                "Training Time": "0:05:01",
                "Validation Time": "0:00:28"
            },
            {
                "epoch": 3,
                "Training Loss": 0.01766058461873272,
                "Training Accur.": 0.9971544333037248,
                "Training Precision (macro)": 0.9907792718674316,
                "Training Precision (micro)": 0.9971544333037248,
                "Training Recall (macro)": 0.9936553145379973,
                "Training Recall (micro)": 0.9971544333037248,
                "Training F1 (macro)": 0.9922068268338242,
                "Training F1 (micro)": 0.9971544333037248,
                "Valid. Loss": 0.03768987328806327,
                "Valid. Accur.": 0.9918981481481481,
                "Valid. Precision (macro)": 0.9878014125053552,
                "Valid. Precision (micro)": 0.9956652082304411,
                "Valid. Recall (macro)": 0.9794059006693664,
                "Valid. Recall (micro)": 0.9956652082304411,
                "Valid. F1 (macro)": 0.9833557022891811,
                "Valid. F1 (micro)": 0.9956652082304411,
                "Training Time": "0:05:00",
                "Validation Time": "0:00:28"
            }
        ],
        [
            {
                "epoch": 1,
                "Training Loss": 0.020435549749527125,
                "Training Accur.": 0.9967073799491624,
                "Training Precision (macro)": 0.9899093432110396,
                "Training Precision (micro)": 0.9967073799491624,
                "Training Recall (macro)": 0.9917234266509404,
                "Training Recall (micro)": 0.9967073799491624,
                "Training F1 (macro)": 0.9908077892171306,
                "Training F1 (micro)": 0.9967073799491624,
                "Valid. Loss": 0.0002867439236272023,
                "Valid. Accur.": 1.0,
                "Valid. Precision (macro)": 1.0,
                "Valid. Precision (micro)": 1.0,
                "Valid. Recall (macro)": 1.0,
                "Valid. Recall (micro)": 1.0,
                "Valid. F1 (macro)": 1.0,
                "Valid. F1 (micro)": 1.0,
                "Training Time": "0:05:01",
                "Validation Time": "0:00:28"
            },
            {
                "epoch": 2,
                "Training Loss": 0.006410505164036971,
                "Training Accur.": 0.9984854447436807,
                "Training Precision (macro)": 0.999156469312035,
                "Training Precision (micro)": 0.9984854447436807,