{
    "cross-validation": [
        [
            {
                "epoch": 1,
                "Training Loss": 0.231517774173665,
                "Training Accur.": 0.8988037765339332,
                "Training Precision (macro)": 0.7209967366278022,
                "Training Precision (micro)": 0.8988037765339332,
                "Training Recall (macro)": 0.6066448386198453,
                "Training Recall (micro)": 0.8988037765339332,
                "Training F1 (macro)": 0.6316557026534402,
                "Training F1 (micro)": 0.8988037765339332,
                "Valid. Loss": 0.15458048453729134,
                "Valid. Accur.": 0.9456018518518519,
                "Valid. Precision (macro)": 0.8550882558480687,
                "Valid. Precision (micro)": 0.9479130528809301,
                "Valid. Recall (macro)": 0.8148754616139267,
                "Valid. Recall (micro)": 0.9479130528809301,
                "Valid. F1 (macro)": 0.8326753990002643,
                "Valid. F1 (micro)": 0.9479130528809301,
                "Training Time": "0:05:25",
                "Validation Time": "0:00:29"
            },
            {
                "epoch": 2,
                "Training Loss": 0.10927518319107084,
                "Training Accur.": 0.9671722954096204,
                "Training Precision (macro)": 0.9375320112654202,
                "Training Precision (micro)": 0.9671722954096204,
                "Training Recall (macro)": 0.8772117136879353,
                "Training Recall (micro)": 0.9671722954096204,
                "Training F1 (macro)": 0.9029104025221831,
                "Training F1 (micro)": 0.9671722954096204,
                "Valid. Loss": 0.22930233424105811,
                "Valid. Accur.": 0.9471450617283951,
                "Valid. Precision (macro)": 0.8543195565892542,
                "Valid. Precision (micro)": 0.9536903098182471,
                "Valid. Recall (macro)": 0.848613489066475,
                "Valid. Recall (micro)": 0.9536903098182471,
                "Valid. F1 (macro)": 0.8504734095138223,
                "Valid. F1 (micro)": 0.9536903098182471,
                "Training Time": "0:05:25",
                "Validation Time": "0:00:29"
            },
            {
                "epoch": 3,
                "Training Loss": 0.053398498382824094,
                "Training Accur.": 0.9860175019451308,
                "Training Precision (macro)": 0.9717532110233409,
                "Training Precision (micro)": 0.9860175019451308,
                "Training Recall (macro)": 0.9514854574070626,
                "Training Recall (micro)": 0.9860175019451308,
                "Training F1 (macro)": 0.9611334827509159,
                "Training F1 (micro)": 0.9860175019451308,
                "Valid. Loss": 0.25404540143521176,
                "Valid. Accur.": 0.9513888888888888,
                "Valid. Precision (macro)": 0.8545693185837503,
                "Valid. Precision (micro)": 0.9442208321433527,
                "Valid. Recall (macro)": 0.8524238573826994,
                "Valid. Recall (micro)": 0.9442208321433527,
                "Valid. F1 (macro)": 0.8496472425381858,
                "Valid. F1 (micro)": 0.9442208321433527,
                "Training Time": "0:05:25",
                "Validation Time": "0:00:29"
            }
        ],
        [
            {
                "epoch": 1,
                "Training Loss": 0.09101292594648332,
                "Training Accur.": 0.9781604511577711,
                "Training Precision (macro)": 0.9442846022143992,
                "Training Precision (micro)": 0.9781604511577711,
                "Training Recall (macro)": 0.9330310517522136,
                "Training Recall (micro)": 0.9781604511577711,
                "Training F1 (macro)": 0.9384633611919203,
                "Training F1 (micro)": 0.9781604511577711,
                "Valid. Loss": 0.02256814965585363,
                "Valid. Accur.": 0.9918981481481481,
                "Valid. Precision (macro)": 0.9816702447302339,
                "Valid. Precision (micro)": 0.9957278107512983,
                "Valid. Recall (macro)": 0.9967728954949608,
                "Valid. Recall (micro)": 0.9957278107512983,
                "Valid. F1 (macro)": 0.9889728911665783,
                "Valid. F1 (micro)": 0.9957278107512983,
                "Training Time": "0:05:25",
                "Validation Time": "0:00:29"
            },
            {
                "epoch": 2,
                "Training Loss": 0.023409991980859263,
                "Training Accur.": 0.9947219485608497,
                "Training Precision (macro)": 0.9842506523190465,
                "Training Precision (micro)": 0.9947219485608497,
                "Training Recall (macro)": 0.9857488702935906,
                "Training Recall (micro)": 0.9947219485608497,
                "Training F1 (macro)": 0.9849703339279935,
                "Training F1 (micro)": 0.9947219485608497,
                "Valid. Loss": 0.03344637427222484,
                "Valid. Accur.": 0.9918981481481481,
                "Valid. Precision (macro)": 0.9773056594776249,
                "Valid. Precision (micro)": 0.9948973371999403,
                "Valid. Recall (macro)": 0.9955358196315527,
                "Valid. Recall (micro)": 0.9948973371999403,
                "Valid. F1 (macro)": 0.9861422350603722,
                "Valid. F1 (micro)": 0.9948973371999403,
                "Training Time": "0:05:25",
                "Validation Time": "0:00:29"
            },
            {
                "epoch": 3,
                "Training Loss": 0.009123917139833454,
                "Training Accur.": 0.9981368729232646,
                "Training Precision (macro)": 0.9949186270374722,
                "Training Precision (micro)": 0.9981368729232646,
                "Training Recall (macro)": 0.9943459946758376,
                "Training Recall (micro)": 0.9981368729232646,
                "Training F1 (macro)": 0.9946113276629162,
                "Training F1 (micro)": 0.9981368729232646,
                "Valid. Loss": 0.029738334917460127,
                "Valid. Accur.": 0.9942129629629629,
                "Valid. Precision (macro)": 0.9837730901237246,
                "Valid. Precision (micro)": 0.9951908445333909,
                "Valid. Recall (macro)": 0.9920566573895935,
                "Valid. Recall (micro)": 0.9951908445333909,
                "Valid. F1 (macro)": 0.9878378979079984,
                "Valid. F1 (micro)": 0.9951908445333909,
                "Training Time": "0:05:25",
                "Validation Time": "0:00:29"
            }
        ],
        [
            {
                "epoch": 1,
                "Training Loss": 0.0197687669617153,
                "Training Accur.": 0.9957975374853637,
                "Training Precision (macro)": 0.9907393658518635,
                "Training Precision (micro)": 0.9957975374853637,
                "Training Recall (macro)": 0.986856405031627,
                "Training Recall (micro)": 0.9957975374853637,
                "Training F1 (macro)": 0.9887805209914071,
                "Training F1 (micro)": 0.9957975374853637,
                "Valid. Loss": 5.911590801588318e-05,
                "Valid. Accur.": 1.0,
                "Valid. Precision (macro)": 1.0,
                "Valid. Precision (micro)": 1.0,
                "Valid. Recall (macro)": 1.0,
                "Valid. Recall (micro)": 1.0,
                "Valid. F1 (macro)": 1.0,
                "Valid. F1 (micro)": 1.0,
                "Training Time": "0:05:25",
                "Validation Time": "0:00:29"
            },
            {
                "epoch": 2,
                "Training Loss": 0.006707939760235604,
                "Training Accur.": 0.9996356467271813,
                "Training Precision (macro)": 0.999098780139513,
                "Training Precision (micro)": 0.9996356467271813,