{
    "training_and_val": [
        {
            "epoch": 1,
            "Training Loss": 0.21915960021125264,
            "Training Accur.": 0.9063967726374079,
            "Training Precision (macro)": 0.7467949057306082,
            "Training Precision (micro)": 0.9063967726374079,
            "Training Recall (macro)": 0.6125480535261005,
            "Training Recall (micro)": 0.9063967726374079,
            "Training F1 (macro)": 0.6410506677518344,
            "Training F1 (micro)": 0.906396772637408,
            "Valid. Loss": 0.12544773239948737,
            "Valid. Accur.": 0.9539473684210527,
            "Valid. Precision (macro)": 0.8074915701233851,
            "Valid. Precision (micro)": 0.9402346839584013,
            "Valid. Recall (macro)": 0.8142412929223167,
            "Valid. Recall (micro)": 0.9402346839584013,
            "Valid. F1 (macro)": 0.8038159462665789,
            "Valid. F1 (micro)": 0.9402346839584013,
            "Training Time": "0:05:56",
            "Validation Time": "0:00:14"
        },
        {
            "epoch": 2,
            "Training Loss": 0.10864359321541783,
            "Training Accur.": 0.9733436372729485,
            "Training Precision (macro)": 0.9313901788095372,
            "Training Precision (micro)": 0.9733436372729485,
            "Training Recall (macro)": 0.9125940901765773,
            "Training Recall (micro)": 0.9733436372729485,
            "Training F1 (macro)": 0.9207201276708978,
            "Training F1 (micro)": 0.9733436372729485,
            "Valid. Loss": 0.16941480103087725,
            "Valid. Accur.": 0.9576023391812866,
            "Valid. Precision (macro)": 0.9232599340991781,
            "Valid. Precision (micro)": 0.9734721195718721,
            "Valid. Recall (macro)": 0.9264231433833006,
            "Valid. Recall (micro)": 0.9734721195718721,
            "Valid. F1 (macro)": 0.9247261758635505,
            "Valid. F1 (micro)": 0.9734721195718721,
            "Training Time": "0:06:03",
            "Validation Time": "0:00:14"
        },
        {
            "epoch": 3,
            "Training Loss": 0.06329730957522235,
            "Training Accur.": 0.9862486687778167,
            "Training Precision (macro)": 0.9583250567703371,
            "Training Precision (micro)": 0.9862486687778167,
            "Training Recall (macro)": 0.9680262829472928,
            "Training Recall (micro)": 0.9862486687778167,
            "Training F1 (macro)": 0.9630326999646814,
            "Training F1 (micro)": 0.9862486687778167,
            "Valid. Loss": 0.2798885394657095,
            "Valid. Accur.": 0.9429824561403509,
            "Valid. Precision (macro)": 0.847994746653517,
            "Valid. Precision (micro)": 0.9367528294178411,
            "Valid. Recall (macro)": 0.7916837250879109,
            "Valid. Recall (micro)": 0.9367528294178411,
            "Valid. F1 (macro)": 0.8151786468271487,
            "Valid. F1 (micro)": 0.9367528294178411,
            "Training Time": "0:06:03",
            "Validation Time": "0:00:14"
        }
    ],
    "test": {
        "Test Accur.": 0.9274647090197418,
        "Test Precision (macro)": 0.8432067732192495,
        "Test Precision (micro)": 0.9274647090197418,
        "Test Recall (macro)": 0.7645382274413833,
        "Test Recall (micro)": 0.9274647090197418,
        "Test F1 (macro)": 0.7938062315829807,
        "Test F1 (micro)": 0.9274647090197418
    }
}