{
    "training_and_val": [
        [
            {
                "epoch": 1,
                "Training Loss": 0.255913133652296,
                "Training Accur.": 0.8761375588359845,
                "Training Precision (macro)": 0.6363896265158472,
                "Training Precision (micro)": 0.8761375588359845,
                "Training Recall (macro)": 0.5593643395669414,
                "Training Recall (micro)": 0.8761375588359845,
                "Training F1 (macro)": 0.5702827321275554,
                "Training F1 (micro)": 0.8761375588359845,
                "Valid. Loss": 0.14861320280168136,
                "Valid. Accur.": 0.9375,
                "Valid. Precision (macro)": 0.8533602090678756,
                "Valid. Precision (micro)": 0.9373016217139273,
                "Valid. Recall (macro)": 0.823360345184912,
                "Valid. Recall (micro)": 0.9373016217139273,
                "Valid. F1 (macro)": 0.8365491685058222,
                "Valid. F1 (micro)": 0.9373016217139273,
                "Training Time": "0:05:29",
                "Validation Time": "0:00:29"
            },
            {
                "epoch": 2,
                "Training Loss": 0.132790935775238,
                "Training Accur.": 0.9609615512014036,
                "Training Precision (macro)": 0.9008433796992273,
                "Training Precision (micro)": 0.9609615512014036,
                "Training Recall (macro)": 0.8709910613090835,
                "Training Recall (micro)": 0.9609615512014036,
                "Training F1 (macro)": 0.8846294979840004,
                "Training F1 (micro)": 0.9609615512014036,
                "Valid. Loss": 0.19158935678623729,
                "Valid. Accur.": 0.9444444444444444,
                "Valid. Precision (macro)": 0.8301428289386442,
                "Valid. Precision (micro)": 0.9306751156217713,
                "Valid. Recall (macro)": 0.8611902304540989,
                "Valid. Recall (micro)": 0.9306751156217713,
                "Valid. F1 (macro)": 0.8432517606223935,
                "Valid. F1 (micro)": 0.9306751156217713,
                "Training Time": "0:05:26",
                "Validation Time": "0:00:29"
            },
            {
                "epoch": 3,
                "Training Loss": 0.08680812655701059,
                "Training Accur.": 0.9833447364280854,
                "Training Precision (macro)": 0.9573841135180564,
                "Training Precision (micro)": 0.9833447364280854,
                "Training Recall (macro)": 0.9459409739308213,
                "Training Recall (micro)": 0.9833447364280854,
                "Training F1 (macro)": 0.9513807577248085,
                "Training F1 (micro)": 0.9833447364280854,
                "Valid. Loss": 0.2952815668387403,
                "Valid. Accur.": 0.9432870370370371,
                "Valid. Precision (macro)": 0.9309095482033681,
                "Valid. Precision (micro)": 0.9382534159259104,
                "Valid. Recall (macro)": 0.7509619175254663,
                "Valid. Recall (micro)": 0.9382534159259104,
                "Valid. F1 (macro)": 0.8071709809071955,
                "Valid. F1 (micro)": 0.9382534159259104,
                "Training Time": "0:05:26",
                "Validation Time": "0:00:29"
            }
        ],
        [
            {
                "epoch": 1,
                "Training Loss": 0.09158050492761229,
                "Training Accur.": 0.9756182512798863,
                "Training Precision (macro)": 0.9413042582054585,
                "Training Precision (micro)": 0.9756182512798863,
                "Training Recall (macro)": 0.9236766137739659,
                "Training Recall (micro)": 0.9756182512798863,
                "Training F1 (macro)": 0.9318786347819391,
                "Training F1 (micro)": 0.9756182512798863,
                "Valid. Loss": 0.033593318267068954,
                "Valid. Accur.": 0.9918981481481481,
                "Valid. Precision (macro)": 0.9818549215335297,
                "Valid. Precision (micro)": 0.9960442814070524,
                "Valid. Recall (macro)": 0.9977934681252744,
                "Valid. Recall (micro)": 0.9960442814070524,
                "Valid. F1 (macro)": 0.9895715994522296,
                "Valid. F1 (micro)": 0.9960442814070524,
                "Training Time": "0:05:26",
                "Validation Time": "0:00:29"
            },
            {
                "epoch": 2,
                "Training Loss": 0.02707059124270102,
                "Training Accur.": 0.9952540656764544,
                "Training Precision (macro)": 0.9892864810128355,
                "Training Precision (micro)": 0.9952540656764544,
                "Training Recall (macro)": 0.9831121864553841,
                "Training Recall (micro)": 0.9952540656764544,
                "Training F1 (macro)": 0.9861577488751657,
                "Training F1 (micro)": 0.9952540656764544,
                "Valid. Loss": 0.03284487021712131,
                "Valid. Accur.": 0.9918981481481481,
                "Valid. Precision (macro)": 0.9677730601486902,
                "Valid. Precision (micro)": 0.9930717067244126,
                "Valid. Recall (macro)": 0.9961445724265083,
                "Valid. Recall (micro)": 0.9930717067244126,
                "Valid. F1 (macro)": 0.9813193692648952,
                "Valid. F1 (micro)": 0.9930717067244126,
                "Training Time": "0:05:25",
                "Validation Time": "0:00:29"
            },
            {
                "epoch": 3,
                "Training Loss": 0.011903939637324034,
                "Training Accur.": 0.9985404290975917,
                "Training Precision (macro)": 0.9969209104645015,
                "Training Precision (micro)": 0.9985404290975917,
                "Training Recall (macro)": 0.9948706272918226,
                "Training Recall (micro)": 0.9985404290975917,
                "Training F1 (macro)": 0.995889204817875,
                "Training F1 (micro)": 0.9985404290975917,
                "Valid. Loss": 0.04841233362171975,
                "Valid. Accur.": 0.9918981481481481,
                "Valid. Precision (macro)": 0.9827667007782316,
                "Valid. Precision (micro)": 0.9949268271205467,
                "Valid. Recall (macro)": 0.9917992003456005,
                "Valid. Recall (micro)": 0.9949268271205467,
                "Valid. F1 (macro)": 0.9871888462836905,
                "Valid. F1 (micro)": 0.9949268271205467,
                "Training Time": "0:05:25",
                "Validation Time": "0:00:29"
            }
        ],
        [
            {
                "epoch": 1,
                "Training Loss": 0.022739475955821164,
                "Training Accur.": 0.9966465700960512,
                "Training Precision (macro)": 0.9914283105476931,
                "Training Precision (micro)": 0.9966465700960512,
                "Training Recall (macro)": 0.9906635877034411,
                "Training Recall (micro)": 0.9966465700960512,
                "Training F1 (macro)": 0.9910373778452701,
                "Training F1 (micro)": 0.9966465700960512,
                "Valid. Loss": 0.0031527451427016922,
                "Valid. Accur.": 0.9988425925925926,
                "Valid. Precision (macro)": 0.9796686650670777,
                "Valid. Precision (micro)": 0.9960292940515452,
                "Valid. Recall (macro)": 0.9978142525399322,
                "Valid. Recall (micro)": 0.9960292940515452,
                "Valid. F1 (macro)": 0.9882076499658601,
                "Valid. F1 (micro)": 0.9960292940515452,
                "Training Time": "0:05:25",
                "Validation Time": "0:00:29"
            },
            {
                "epoch": 2,
                "Training Loss": 0.0158314194964268,
                "Training Accur.": 0.998666835547717,
                "Training Precision (macro)": 0.9969205815915074,