{
    "training_and_val": [
        {
            "epoch": 1,
            "Training Loss": 0.18892010042772572,
            "Training Accur.": 0.9081087166861607,
            "Training Precision (macro)": 0.8195517764218748,
            "Training Precision (micro)": 0.9081087166861607,
            "Training Recall (macro)": 0.6305013399082527,
            "Training Recall (micro)": 0.9081087166861607,
            "Training F1 (macro)": 0.6623485530929402,
            "Training F1 (micro)": 0.9081087166861607,
            "Valid. Loss": 0.19009093119730724,
            "Valid. Accur.": 0.9339080459770115,
            "Valid. Precision (macro)": 0.7910435290498987,
            "Valid. Precision (micro)": 0.9268172810453554,
            "Valid. Recall (macro)": 0.7125614174506096,
            "Valid. Recall (micro)": 0.9268172810453554,
            "Valid. F1 (macro)": 0.7419648919575197,
            "Valid. F1 (micro)": 0.9268172810453554,
            "Training Time": "0:05:45",
            "Validation Time": "0:00:14"
        },
        {
            "epoch": 2,
            "Training Loss": 0.08806717643906892,
            "Training Accur.": 0.9674059938870715,
            "Training Precision (macro)": 0.9341159004014515,
            "Training Precision (micro)": 0.9674059938870715,
            "Training Recall (macro)": 0.8756740640698651,
            "Training Recall (micro)": 0.9674059938870715,
            "Training F1 (macro)": 0.900876648009365,
            "Training F1 (micro)": 0.9674059938870715,
            "Valid. Loss": 0.20118718239848085,
            "Valid. Accur.": 0.9461206896551724,
            "Valid. Precision (macro)": 0.8528449559554272,
            "Valid. Precision (micro)": 0.9458438436648253,
            "Valid. Recall (macro)": 0.8008409018480822,
            "Valid. Recall (micro)": 0.9458438436648253,
            "Valid. F1 (macro)": 0.8209005294743071,
            "Valid. F1 (micro)": 0.9458438436648253,
            "Training Time": "0:05:52",
            "Validation Time": "0:00:14"
        },
        {
            "epoch": 3,
            "Training Loss": 0.03549818874339062,
            "Training Accur.": 0.9898932374149195,
            "Training Precision (macro)": 0.9821560299015655,
            "Training Precision (micro)": 0.9898932374149195,
            "Training Recall (macro)": 0.9641783801228966,
            "Training Recall (micro)": 0.9898932374149195,
            "Training F1 (macro)": 0.9728485741188653,
            "Training F1 (micro)": 0.9898932374149195,
            "Valid. Loss": 0.26392803708059265,
            "Valid. Accur.": 0.9439655172413793,
            "Valid. Precision (macro)": 0.7584983199719677,
            "Valid. Precision (micro)": 0.9346213059181151,
            "Valid. Recall (macro)": 0.798403539912408,
            "Valid. Recall (micro)": 0.9346213059181151,
            "Valid. F1 (macro)": 0.7750215236962833,
            "Valid. F1 (micro)": 0.9346213059181151,
            "Training Time": "0:05:53",
            "Validation Time": "0:00:14"
        }
    ],
    "test": {
        "Test Accur.": 0.877417751501172,
        "Test Precision (macro)": 0.7362201004550812,
        "Test Precision (micro)": 0.877417751501172,
        "Test Recall (macro)": 0.6859946866125319,
        "Test Recall (micro)": 0.877417751501172,
        "Test F1 (macro)": 0.7041196996989025,
        "Test F1 (micro)": 0.877417751501172
    }
}