{
    "cross-validation": [
        [
            {
                "epoch": 1,
                "Training Loss": 0.228112684281437,
                "Training Accur.": 0.8794411428500559,
                "Training Precision (macro)": 0.6518199811339804,
                "Training Precision (micro)": 0.8794411428500559,
                "Training Recall (macro)": 0.5546091269668202,
                "Training Recall (micro)": 0.8794411428500559,
                "Training F1 (macro)": 0.5689856338357376,
                "Training F1 (micro)": 0.8794411428500559,
                "Valid. Loss": 0.1848086307994848,
                "Valid. Accur.": 0.9244186046511628,
                "Valid. Precision (macro)": 0.7861746957299911,
                "Valid. Precision (micro)": 0.9296539523147672,
                "Valid. Recall (macro)": 0.8702097254666894,
                "Valid. Recall (micro)": 0.9296539523147672,
                "Valid. F1 (macro)": 0.8193455906056628,
                "Valid. F1 (micro)": 0.9296539523147672,
                "Training Time": "0:04:08",
                "Validation Time": "0:00:22"
            },
            {
                "epoch": 2,
                "Training Loss": 0.11658675993864666,
                "Training Accur.": 0.9715729649214969,
                "Training Precision (macro)": 0.914601513460349,
                "Training Precision (micro)": 0.9715729649214969,
                "Training Recall (macro)": 0.9303712438332468,
                "Training Recall (micro)": 0.9715729649214969,
                "Training F1 (macro)": 0.921886979991255,
                "Training F1 (micro)": 0.9715729649214969,
                "Valid. Loss": 0.20399962782218165,
                "Valid. Accur.": 0.9462209302325582,
                "Valid. Precision (macro)": 0.8752221160876182,
                "Valid. Precision (micro)": 0.9585707068244951,
                "Valid. Recall (macro)": 0.8817465756187299,
                "Valid. Recall (micro)": 0.9585707068244951,
                "Valid. F1 (macro)": 0.877920961147738,
                "Valid. F1 (micro)": 0.9585707068244951,
                "Training Time": "0:04:08",
                "Validation Time": "0:00:22"
            },
            {
                "epoch": 3,
                "Training Loss": 0.05550762068464301,
                "Training Accur.": 0.986833247905503,
                "Training Precision (macro)": 0.9649236954541758,
                "Training Precision (micro)": 0.986833247905503,
                "Training Recall (macro)": 0.9616020758695433,
                "Training Recall (micro)": 0.986833247905503,
                "Training F1 (macro)": 0.9631372302698382,
                "Training F1 (micro)": 0.986833247905503,
                "Valid. Loss": 0.26509223773305274,
                "Valid. Accur.": 0.9399224806201549,
                "Valid. Precision (macro)": 0.8601283065312431,
                "Valid. Precision (micro)": 0.945898656437954,
                "Valid. Recall (macro)": 0.8457008499611145,
                "Valid. Recall (micro)": 0.945898656437954,
                "Valid. F1 (macro)": 0.8521244561455356,
                "Valid. F1 (micro)": 0.945898656437954,
                "Training Time": "0:04:08",
                "Validation Time": "0:00:22"
            }
        ],
        [
            {
                "epoch": 1,
                "Training Loss": 0.11714204809801183,
                "Training Accur.": 0.9740030477469321,
                "Training Precision (macro)": 0.937970168187962,
                "Training Precision (micro)": 0.9740030477469321,
                "Training Recall (macro)": 0.9128955917682441,
                "Training Recall (micro)": 0.9740030477469321,
                "Training F1 (macro)": 0.9242781325609303,
                "Training F1 (micro)": 0.9740030477469321,
                "Valid. Loss": 0.027079477679657175,
                "Valid. Accur.": 0.9927325581395349,
                "Valid. Precision (macro)": 0.9901609894802917,
                "Valid. Precision (micro)": 0.9950805492550502,
                "Valid. Recall (macro)": 0.9746034992558661,
                "Valid. Recall (micro)": 0.9950805492550502,
                "Valid. F1 (macro)": 0.9819862994794407,
                "Valid. F1 (micro)": 0.9950805492550502,
                "Training Time": "0:04:08",
                "Validation Time": "0:00:22"
            },
            {
                "epoch": 2,
                "Training Loss": 0.030668102399914108,
                "Training Accur.": 0.986901455016862,
                "Training Precision (macro)": 0.9725862902422159,
                "Training Precision (micro)": 0.986901455016862,
                "Training Recall (macro)": 0.9593780431095056,
                "Training Recall (micro)": 0.986901455016862,
                "Training F1 (macro)": 0.9654766118400193,
                "Training F1 (micro)": 0.986901455016862,
                "Valid. Loss": 0.02368650697716539,
                "Valid. Accur.": 0.9941860465116279,
                "Valid. Precision (macro)": 0.9942520665143677,
                "Valid. Precision (micro)": 0.9918605122924241,
                "Valid. Recall (macro)": 0.9605272142333762,
                "Valid. Recall (micro)": 0.9918605122924241,
                "Valid. F1 (macro)": 0.9762683267094375,
                "Valid. F1 (micro)": 0.9918605122924241,
                "Training Time": "0:04:08",
                "Validation Time": "0:00:22"
            },
            {
                "epoch": 3,
                "Training Loss": 0.008746987459797592,
                "Training Accur.": 0.9979676763346675,
                "Training Precision (macro)": 0.9958535365357092,
                "Training Precision (micro)": 0.9979676763346675,
                "Training Recall (macro)": 0.9928535444726673,
                "Training Recall (micro)": 0.9979676763346675,
                "Training F1 (macro)": 0.9943439102401211,
                "Training F1 (micro)": 0.9979676763346675,
                "Valid. Loss": 0.030061329060117714,
                "Valid. Accur.": 0.9956395348837209,
                "Valid. Precision (macro)": 0.992092185582436,
                "Valid. Precision (micro)": 0.9983489128583855,
                "Valid. Recall (macro)": 0.9983744484586247,
                "Valid. Recall (micro)": 0.9983489128583855,
                "Valid. F1 (macro)": 0.9951763058309344,
                "Valid. F1 (micro)": 0.9983489128583855,
                "Training Time": "0:04:08",
                "Validation Time": "0:00:22"
            }
        ],
        [
            {
                "epoch": 1,
                "Training Loss": 0.018587405755217768,
                "Training Accur.": 0.9944444517056387,
                "Training Precision (macro)": 0.9823557576705696,
                "Training Precision (micro)": 0.9944444517056387,
                "Training Recall (macro)": 0.9852743280772962,
                "Training Recall (micro)": 0.9944444517056387,
                "Training F1 (macro)": 0.9836681212955406,
                "Training F1 (micro)": 0.9944444517056387,
                "Valid. Loss": 0.003383082055607215,
                "Valid. Accur.": 0.998546511627907,
                "Valid. Precision (macro)": 0.9981450345542539,
                "Valid. Precision (micro)": 0.9966285473405132,
                "Valid. Recall (macro)": 0.9824934923053722,
                "Valid. Recall (micro)": 0.9966285473405132,
                "Valid. F1 (macro)": 0.9900468501206469,
                "Valid. F1 (micro)": 0.9966285473405132,
                "Training Time": "0:04:08",
                "Validation Time": "0:00:22"
            },
            {
                "epoch": 2,
                "Training Loss": 0.0143848413504215,
                "Training Accur.": 0.9960499370305944,
                "Training Precision (macro)": 0.9943650726690798,