{
    "cross-validation": [
        [
            {
                "epoch": 1,
                "Training Loss": 0.2227676936221391,
                "Training Accur.": 0.8820884350436541,
                "Training Precision (macro)": 0.649971307070456,
                "Training Precision (micro)": 0.8820884350436541,
                "Training Recall (macro)": 0.5662642778017293,
                "Training Recall (micro)": 0.8820884350436541,
                "Training F1 (macro)": 0.5771525561920018,
                "Training F1 (micro)": 0.8820884350436541,
                "Valid. Loss": 0.1769052296036797,
                "Valid. Accur.": 0.9188144329896907,
                "Valid. Precision (macro)": 0.7535022576466092,
                "Valid. Precision (micro)": 0.9124853849890004,
                "Valid. Recall (macro)": 0.8952894953691418,
                "Valid. Recall (micro)": 0.9124853849890004,
                "Valid. F1 (macro)": 0.8003066838054476,
                "Valid. F1 (micro)": 0.9124853849890004,
                "Training Time": "0:04:39",
                "Validation Time": "0:00:24"
            },
            {
                "epoch": 2,
                "Training Loss": 0.10383695495244624,
                "Training Accur.": 0.9701037640594558,
                "Training Precision (macro)": 0.9121264069163793,
                "Training Precision (micro)": 0.9701037640594558,
                "Training Recall (macro)": 0.9161068410241766,
                "Training Recall (micro)": 0.9701037640594558,
                "Training F1 (macro)": 0.9136989606824809,
                "Training F1 (micro)": 0.9701037640594558,
                "Valid. Loss": 0.1878219426131913,
                "Valid. Accur.": 0.9523195876288659,
                "Valid. Precision (macro)": 0.8480818799482904,
                "Valid. Precision (micro)": 0.952087125126621,
                "Valid. Recall (macro)": 0.8761254998622326,
                "Valid. Recall (micro)": 0.952087125126621,
                "Valid. F1 (macro)": 0.8603589550563678,
                "Valid. F1 (micro)": 0.952087125126621,
                "Training Time": "0:04:39",
                "Validation Time": "0:00:24"
            },
            {
                "epoch": 3,
                "Training Loss": 0.06347944931817932,
                "Training Accur.": 0.9882705871334422,
                "Training Precision (macro)": 0.96936526512666,
                "Training Precision (micro)": 0.9882705871334422,
                "Training Recall (macro)": 0.9662294042411793,
                "Training Recall (micro)": 0.9882705871334422,
                "Training F1 (macro)": 0.9677664416461379,
                "Training F1 (micro)": 0.9882705871334422,
                "Valid. Loss": 0.27754710894903123,
                "Valid. Accur.": 0.9471649484536082,
                "Valid. Precision (macro)": 0.872187697618211,
                "Valid. Precision (micro)": 0.9494703454497873,
                "Valid. Recall (macro)": 0.8275424339161356,
                "Valid. Recall (micro)": 0.9494703454497873,
                "Valid. F1 (macro)": 0.8462184081520318,
                "Valid. F1 (micro)": 0.9494703454497873,
                "Training Time": "0:04:39",
                "Validation Time": "0:00:24"
            }
        ],
        [
            {
                "epoch": 1,
                "Training Loss": 0.08467265517551376,
                "Training Accur.": 0.9693204707964076,
                "Training Precision (macro)": 0.9235206358885866,
                "Training Precision (micro)": 0.9693204707964076,
                "Training Recall (macro)": 0.9015493231347204,
                "Training Recall (micro)": 0.9693204707964076,
                "Training F1 (macro)": 0.9117956516128715,
                "Training F1 (micro)": 0.9693204707964076,
                "Valid. Loss": 0.02122892413509484,
                "Valid. Accur.": 0.9961340206185567,
                "Valid. Precision (macro)": 0.9987198113832024,
                "Valid. Precision (micro)": 0.9983506985115692,
                "Valid. Recall (macro)": 0.9926044902411815,
                "Valid. Recall (micro)": 0.9983506985115692,
                "Valid. F1 (macro)": 0.9956201304450212,
                "Valid. F1 (micro)": 0.9983506985115692,
                "Training Time": "0:04:39",
                "Validation Time": "0:00:24"
            },
            {
                "epoch": 2,
                "Training Loss": 0.01658848385610666,
                "Training Accur.": 0.9959878835047513,
                "Training Precision (macro)": 0.9940591505806267,
                "Training Precision (micro)": 0.9959878835047513,
                "Training Recall (macro)": 0.983423626861089,
                "Training Recall (micro)": 0.9959878835047513,
                "Training F1 (macro)": 0.9886390773726698,
                "Training F1 (micro)": 0.9959878835047513,
                "Valid. Loss": 0.05312902624949125,
                "Valid. Accur.": 0.9896907216494846,
                "Valid. Precision (macro)": 0.9625938821021587,
                "Valid. Precision (micro)": 0.9911579603452443,
                "Valid. Recall (macro)": 0.9950355412331038,
                "Valid. Recall (micro)": 0.9911579603452443,
                "Valid. F1 (macro)": 0.977998259435895,
                "Valid. F1 (micro)": 0.9911579603452443,
                "Training Time": "0:04:39",
                "Validation Time": "0:00:24"
            },
            {
                "epoch": 3,
                "Training Loss": 0.015474991242094354,
                "Training Accur.": 0.9980302782116311,
                "Training Precision (macro)": 0.9914537892241378,
                "Training Precision (micro)": 0.9980302782116311,
                "Training Recall (macro)": 0.9972648515763634,
                "Training Recall (micro)": 0.9980302782116311,
                "Training F1 (macro)": 0.9943256580556639,
                "Training F1 (micro)": 0.9980302782116311,
                "Valid. Loss": 0.014928998447880844,
                "Valid. Accur.": 0.9948453608247423,
                "Valid. Precision (macro)": 0.9937499865999128,
                "Valid. Precision (micro)": 0.9969517667202352,
                "Valid. Recall (macro)": 0.9881080825143386,
                "Valid. Recall (micro)": 0.9969517667202352,
                "Valid. F1 (macro)": 0.9908794435929975,
                "Valid. F1 (micro)": 0.9969517667202352,
                "Training Time": "0:04:39",
                "Validation Time": "0:00:24"
            }
        ],
        [
            {
                "epoch": 1,
                "Training Loss": 0.02501983070118786,
                "Training Accur.": 0.9959440674480724,
                "Training Precision (macro)": 0.9897763063244137,
                "Training Precision (micro)": 0.9959440674480724,
                "Training Recall (macro)": 0.9873597128644305,
                "Training Recall (micro)": 0.9959440674480724,
                "Training F1 (macro)": 0.9885585482323258,
                "Training F1 (micro)": 0.9959440674480724,
                "Valid. Loss": 0.010580466231349232,
                "Valid. Accur.": 0.9974226804123711,
                "Valid. Precision (macro)": 0.9982996534616461,
                "Valid. Precision (micro)": 0.9969889702281272,
                "Valid. Recall (macro)": 0.9871807930878813,
                "Valid. Recall (micro)": 0.9969889702281272,
                "Valid. F1 (macro)": 0.9926226135213505,
                "Valid. F1 (micro)": 0.9969889702281272,
                "Training Time": "0:04:39",
                "Validation Time": "0:00:24"
            },
            {
                "epoch": 2,
                "Training Loss": 0.00924942626823046,
                "Training Accur.": 0.9969436260028381,
                "Training Precision (macro)": 0.9941393747047079,