{
    "cross-validation": [
        [
            {
                "epoch": 1,
                "Training Loss": 0.2862225972565411,
                "Training Accur.": 0.8566885182516873,
                "Training Precision (macro)": 0.48773044392249415,
                "Training Precision (micro)": 0.8566885182516873,
                "Training Recall (macro)": 0.4801314388046563,
                "Training Recall (micro)": 0.8566885182516873,
                "Training F1 (macro)": 0.4712783710847013,
                "Training F1 (micro)": 0.8566885182516873,
                "Valid. Loss": 0.18017615309678192,
                "Valid. Accur.": 0.9356312292358804,
                "Valid. Precision (macro)": 0.9262191745313465,
                "Valid. Precision (micro)": 0.9467557107168926,
                "Valid. Recall (macro)": 0.6933965819294063,
                "Valid. Recall (micro)": 0.9467557107168926,
                "Valid. F1 (macro)": 0.7547763941435714,
                "Valid. F1 (micro)": 0.9467557107168926,
                "Training Time": "0:02:04",
                "Validation Time": "0:00:11"
            },
            {
                "epoch": 2,
                "Training Loss": 0.1303968013028701,
                "Training Accur.": 0.9641009034360267,
                "Training Precision (macro)": 0.9252946188578424,
                "Training Precision (micro)": 0.9641009034360267,
                "Training Recall (macro)": 0.8669604923415427,
                "Training Recall (micro)": 0.9641009034360267,
                "Training F1 (macro)": 0.8930909093749748,
                "Training F1 (micro)": 0.9641009034360267,
                "Valid. Loss": 0.19311182025473478,
                "Valid. Accur.": 0.9505813953488372,
                "Valid. Precision (macro)": 0.9030140007352732,
                "Valid. Precision (micro)": 0.9576337860510715,
                "Valid. Recall (macro)": 0.831039176799223,
                "Valid. Recall (micro)": 0.9576337860510715,
                "Valid. F1 (macro)": 0.8580857826056077,
                "Valid. F1 (micro)": 0.9576337860510715,
                "Training Time": "0:02:04",
                "Validation Time": "0:00:11"
            },
            {
                "epoch": 3,
                "Training Loss": 0.04033448390928666,
                "Training Accur.": 0.9818996212889636,
                "Training Precision (macro)": 0.947922531746067,
                "Training Precision (micro)": 0.9818996212889636,
                "Training Recall (macro)": 0.948789166445856,
                "Training Recall (micro)": 0.9818996212889636,
                "Training F1 (macro)": 0.9482924945465955,
                "Training F1 (micro)": 0.9818996212889636,
                "Valid. Loss": 0.1977505411879636,
                "Valid. Accur.": 0.9563953488372093,
                "Valid. Precision (macro)": 0.8909383627566667,
                "Valid. Precision (micro)": 0.9645521117654287,
                "Valid. Recall (macro)": 0.8969070621723573,
                "Valid. Recall (micro)": 0.9645521117654287,
                "Valid. F1 (macro)": 0.8932686883185166,
                "Valid. F1 (micro)": 0.9645521117654287,
                "Training Time": "0:02:04",
                "Validation Time": "0:00:11"
            }
        ],
        [
            {
                "epoch": 1,
                "Training Loss": 0.060934128624868994,
                "Training Accur.": 0.9843441434451109,
                "Training Precision (macro)": 0.9708009189717487,
                "Training Precision (micro)": 0.9843441434451109,
                "Training Recall (macro)": 0.9467116687611726,
                "Training Recall (micro)": 0.9843441434451109,
                "Training F1 (macro)": 0.9578936899898273,
                "Training F1 (micro)": 0.9843441434451109,
                "Valid. Loss": 0.0017230515814992751,
                "Valid. Accur.": 1.0,
                "Valid. Precision (macro)": 1.0,
                "Valid. Precision (micro)": 1.0,
                "Valid. Recall (macro)": 1.0,
                "Valid. Recall (micro)": 1.0,
                "Valid. F1 (macro)": 1.0,
                "Valid. F1 (micro)": 1.0,
                "Training Time": "0:02:04",
                "Validation Time": "0:00:11"
            },
            {
                "epoch": 2,
                "Training Loss": 0.021429548164062083,
                "Training Accur.": 0.9970289346959735,
                "Training Precision (macro)": 0.9960448402005356,
                "Training Precision (micro)": 0.9970289346959735,
                "Training Recall (macro)": 0.9871160432674533,
                "Training Recall (micro)": 0.9970289346959735,
                "Training F1 (macro)": 0.9915066026670014,
                "Training F1 (micro)": 0.9970289346959735,
                "Valid. Loss": 0.0013638374701597142,
                "Valid. Accur.": 1.0,
                "Valid. Precision (macro)": 1.0,
                "Valid. Precision (micro)": 1.0,
                "Valid. Recall (macro)": 1.0,
                "Valid. Recall (micro)": 1.0,
                "Valid. F1 (macro)": 1.0,
                "Valid. F1 (micro)": 1.0,
                "Training Time": "0:02:04",
                "Validation Time": "0:00:11"
            },
            {
                "epoch": 3,
                "Training Loss": 0.009243481125997996,
                "Training Accur.": 0.9971929199398952,
                "Training Precision (macro)": 0.9934615176304004,
                "Training Precision (micro)": 0.9971929199398952,
                "Training Recall (macro)": 0.9895260036733401,
                "Training Recall (micro)": 0.9971929199398952,
                "Training F1 (macro)": 0.99147487388384,
                "Training F1 (micro)": 0.9971929199398952,
                "Valid. Loss": 0.014935814873498139,
                "Valid. Accur.": 0.997093023255814,
                "Valid. Precision (macro)": 0.9824463320995427,
                "Valid. Precision (micro)": 0.9958689006748829,
                "Valid. Recall (macro)": 0.9976740150994416,
                "Valid. Recall (micro)": 0.9958689006748829,
                "Valid. F1 (macro)": 0.9897975670853946,
                "Valid. F1 (micro)": 0.9958689006748829,
                "Training Time": "0:02:04",
                "Validation Time": "0:00:11"
            }
        ],
        [
            {
                "epoch": 1,
                "Training Loss": 0.01170937463634906,
                "Training Accur.": 0.9990600955244519,
                "Training Precision (macro)": 0.9957682832489757,
                "Training Precision (micro)": 0.9990600955244519,
                "Training Recall (macro)": 0.9991697114159859,
                "Training Recall (micro)": 0.9990600955244519,
                "Training F1 (macro)": 0.9974527922994411,
                "Training F1 (micro)": 0.9990600955244519,
                "Valid. Loss": 0.0005151798102942426,
                "Valid. Accur.": 1.0,
                "Valid. Precision (macro)": 1.0,
                "Valid. Precision (micro)": 1.0,
                "Valid. Recall (macro)": 1.0,
                "Valid. Recall (micro)": 1.0,
                "Valid. F1 (macro)": 1.0,
                "Valid. F1 (micro)": 1.0,
                "Training Time": "0:02:04",
                "Validation Time": "0:00:11"
            },
            {
                "epoch": 2,
                "Training Loss": 0.006910134890160915,
                "Training Accur.": 0.9992098204080951,
                "Training Precision (macro)": 0.9988694674476163,
                "Training Precision (micro)": 0.9992098204080951,
                "Training Recall (macro)": 0.9969389009680093,
                "Training Recall (micro)": 0.9992098204080951,
                "Training F1 (macro)": 0.9978978766416926,
                "Training F1 (micro)": 0.9992098204080951,