{
    "cross-validation": [
        [
            {
                "epoch": 1,
                "Training Loss": 0.24616062918591292,
                "Training Accur.": 0.8718637677123445,
                "Training Precision (macro)": 0.558041781917517,
                "Training Precision (micro)": 0.8718637677123445,
                "Training Recall (macro)": 0.5144200935770206,
                "Training Recall (micro)": 0.8718637677123445,
                "Training F1 (macro)": 0.5184422913869671,
                "Training F1 (micro)": 0.8718637677123445,
                "Valid. Loss": 0.3527086791496172,
                "Valid. Accur.": 0.8726851851851852,
                "Valid. Precision (macro)": 0.644333766445378,
                "Valid. Precision (micro)": 0.8413022343112275,
                "Valid. Recall (macro)": 0.8762083477876508,
                "Valid. Recall (micro)": 0.8413022343112275,
                "Valid. F1 (macro)": 0.6678141455162324,
                "Valid. F1 (micro)": 0.8413022343112275,
                "Training Time": "0:02:35",
                "Validation Time": "0:00:14"
            },
            {
                "epoch": 2,
                "Training Loss": 0.12260649125795638,
                "Training Accur.": 0.9611527942645305,
                "Training Precision (macro)": 0.8854551711924982,
                "Training Precision (micro)": 0.9611527942645305,
                "Training Recall (macro)": 0.9158011088528949,
                "Training Recall (micro)": 0.9611527942645305,
                "Training F1 (macro)": 0.8977638110017961,
                "Training F1 (micro)": 0.9611527942645305,
                "Valid. Loss": 0.14739003913106258,
                "Valid. Accur.": 0.9606481481481481,
                "Valid. Precision (macro)": 0.7794317797154316,
                "Valid. Precision (micro)": 0.9587573789757818,
                "Valid. Recall (macro)": 0.8090606267973819,
                "Valid. Recall (micro)": 0.9587573789757818,
                "Valid. F1 (macro)": 0.7904483979232763,
                "Valid. F1 (micro)": 0.9587573789757818,
                "Training Time": "0:02:35",
                "Validation Time": "0:00:14"
            },
            {
                "epoch": 3,
                "Training Loss": 0.026042209889165797,
                "Training Accur.": 0.9945051834948204,
                "Training Precision (macro)": 0.9938453660586869,
                "Training Precision (micro)": 0.9945051834948204,
                "Training Recall (macro)": 0.9769395287960598,
                "Training Recall (micro)": 0.9945051834948204,
                "Training F1 (macro)": 0.9851359829792488,
                "Training F1 (micro)": 0.9945051834948204,
                "Valid. Loss": 0.251835436635129,
                "Valid. Accur.": 0.9513888888888888,
                "Valid. Precision (macro)": 0.8007272237646441,
                "Valid. Precision (micro)": 0.9428304748643636,
                "Valid. Recall (macro)": 0.8915946575188308,
                "Valid. Recall (micro)": 0.9428304748643636,
                "Valid. F1 (macro)": 0.8360677123605699,
                "Valid. F1 (micro)": 0.9428304748643636,
                "Training Time": "0:02:35",
                "Validation Time": "0:00:14"
            }
        ],
        [
            {
                "epoch": 1,
                "Training Loss": 0.06236802474690363,
                "Training Accur.": 0.9886357959892047,
                "Training Precision (macro)": 0.9783804536978284,
                "Training Precision (micro)": 0.9886357959892047,
                "Training Recall (macro)": 0.9628466716811257,
                "Training Recall (micro)": 0.9886357959892047,
                "Training F1 (macro)": 0.97035645020091,
                "Training F1 (micro)": 0.9886357959892047,
                "Valid. Loss": 0.0023807636402866424,
                "Valid. Accur.": 0.9976851851851852,
                "Valid. Precision (macro)": 0.9986410214568165,
                "Valid. Precision (micro)": 0.9974989541303765,
                "Valid. Recall (macro)": 0.9850431902919735,
                "Valid. Recall (micro)": 0.9974989541303765,
                "Valid. F1 (macro)": 0.9916442420689997,
                "Valid. F1 (micro)": 0.9974989541303765,
                "Training Time": "0:02:35",
                "Validation Time": "0:00:13"
            },
            {
                "epoch": 2,
                "Training Loss": 0.023589203775072537,
                "Training Accur.": 0.9964300907921543,
                "Training Precision (macro)": 0.9944305746192956,
                "Training Precision (micro)": 0.9964300907921543,
                "Training Recall (macro)": 0.9846886254865798,
                "Training Recall (micro)": 0.9964300907921543,
                "Training F1 (macro)": 0.9894718417724769,
                "Training F1 (micro)": 0.9964300907921543,
                "Valid. Loss": 0.013808163155098791,
                "Valid. Accur.": 0.9953703703703703,
                "Valid. Precision (macro)": 0.9728215803468527,
                "Valid. Precision (micro)": 0.9955573651598603,
                "Valid. Recall (macro)": 0.997595114151607,
                "Valid. Recall (micro)": 0.9955573651598603,
                "Valid. F1 (macro)": 0.9846690253212437,
                "Valid. F1 (micro)": 0.9955573651598603,
                "Training Time": "0:02:35",
                "Validation Time": "0:00:14"
            },
            {
                "epoch": 3,
                "Training Loss": 0.011919502960416477,
                "Training Accur.": 0.9989355218566135,
                "Training Precision (macro)": 0.9967375800321555,
                "Training Precision (micro)": 0.9989355218566135,
                "Training Recall (macro)": 0.9973854758088297,
                "Training Recall (micro)": 0.9989355218566135,
                "Training F1 (macro)": 0.9970591272859938,
                "Training F1 (micro)": 0.9989355218566135,
                "Valid. Loss": 0.029921103803712025,
                "Valid. Accur.": 0.9953703703703703,
                "Valid. Precision (macro)": 0.9788951611843535,
                "Valid. Precision (micro)": 0.9965931002447124,
                "Valid. Recall (macro)": 0.9981544497495344,
                "Valid. Recall (micro)": 0.9965931002447124,
                "Valid. F1 (macro)": 0.9881375021080488,
                "Valid. F1 (micro)": 0.9965931002447124,
                "Training Time": "0:02:35",
                "Validation Time": "0:00:14"
            }
        ],
        [
            {
                "epoch": 1,
                "Training Loss": 0.012104849964207671,
                "Training Accur.": 0.9972854555590361,
                "Training Precision (macro)": 0.9926124941697555,
                "Training Precision (micro)": 0.9972854555590361,
                "Training Recall (macro)": 0.9918877137189398,
                "Training Recall (micro)": 0.9972854555590361,
                "Training F1 (macro)": 0.9922278198086457,
                "Training F1 (micro)": 0.9972854555590361,
                "Valid. Loss": 9.618041345944491e-05,
                "Valid. Accur.": 1.0,
                "Valid. Precision (macro)": 1.0,
                "Valid. Precision (micro)": 1.0,
                "Valid. Recall (macro)": 1.0,
                "Valid. Recall (micro)": 1.0,
                "Valid. F1 (macro)": 1.0,
                "Valid. F1 (micro)": 1.0,
                "Training Time": "0:02:35",
                "Validation Time": "0:00:13"
            },
            {
                "epoch": 2,
                "Training Loss": 0.0017115036447310473,
                "Training Accur.": 0.9983078831663154,
                "Training Precision (macro)": 0.9946182266558365,
                "Training Precision (micro)": 0.9983078831663154,