{
    "cross-validation": [
        [
            {
                "epoch": 1,
                "Training Loss": 0.23425387430394454,
                "Training Accur.": 0.8793871203121356,
                "Training Precision (macro)": 0.6615848407378953,
                "Training Precision (micro)": 0.8793871203121356,
                "Training Recall (macro)": 0.5509652092829922,
                "Training Recall (micro)": 0.8793871203121356,
                "Training F1 (macro)": 0.5612249833465796,
                "Training F1 (micro)": 0.8793871203121356,
                "Valid. Loss": 0.13223313162086048,
                "Valid. Accur.": 0.9421296296296297,
                "Valid. Precision (macro)": 0.9303724156085509,
                "Valid. Precision (micro)": 0.9515870270644805,
                "Valid. Recall (macro)": 0.8090782789596322,
                "Valid. Recall (micro)": 0.9515870270644805,
                "Valid. F1 (macro)": 0.8550058224068962,
                "Valid. F1 (micro)": 0.9515870270644805,
                "Training Time": "0:05:11",
                "Validation Time": "0:00:27"
            },
            {
                "epoch": 2,
                "Training Loss": 0.1326930959205472,
                "Training Accur.": 0.9653254974033016,
                "Training Precision (macro)": 0.9189796829417679,
                "Training Precision (micro)": 0.9653254974033016,
                "Training Recall (macro)": 0.8620565367677788,
                "Training Recall (micro)": 0.9653254974033016,
                "Training F1 (macro)": 0.8870014921253909,
                "Training F1 (micro)": 0.9653254974033016,
                "Valid. Loss": 0.20173034250614433,
                "Valid. Accur.": 0.9425154320987654,
                "Valid. Precision (macro)": 0.889983813180346,
                "Valid. Precision (micro)": 0.9365475349920594,
                "Valid. Recall (macro)": 0.7864904377255953,
                "Valid. Recall (micro)": 0.9365475349920594,
                "Valid. F1 (macro)": 0.8271733424835307,
                "Valid. F1 (micro)": 0.9365475349920594,
                "Training Time": "0:05:10",
                "Validation Time": "0:00:27"
            },
            {
                "epoch": 3,
                "Training Loss": 0.0836200746915212,
                "Training Accur.": 0.9772806864650682,
                "Training Precision (macro)": 0.9515949237298232,
                "Training Precision (micro)": 0.9772806864650682,
                "Training Recall (macro)": 0.9147680371465319,
                "Training Recall (micro)": 0.9772806864650682,
                "Training F1 (macro)": 0.9313575823669239,
                "Training F1 (micro)": 0.9772806864650682,
                "Valid. Loss": 0.20054423629577892,
                "Valid. Accur.": 0.9479166666666666,
                "Valid. Precision (macro)": 0.8433438978731063,
                "Valid. Precision (micro)": 0.9451386533027524,
                "Valid. Recall (macro)": 0.9349287137741347,
                "Valid. Recall (micro)": 0.9451386533027524,
                "Valid. F1 (macro)": 0.8807665861322329,
                "Valid. F1 (micro)": 0.9451386533027524,
                "Training Time": "0:05:10",
                "Validation Time": "0:00:27"
            }
        ],
        [
            {
                "epoch": 1,
                "Training Loss": 0.085035735098706,
                "Training Accur.": 0.9788826438429267,
                "Training Precision (macro)": 0.9573839248846652,
                "Training Precision (micro)": 0.9788826438429267,
                "Training Recall (macro)": 0.9258898049594454,
                "Training Recall (micro)": 0.9788826438429267,
                "Training F1 (macro)": 0.9405386664101882,
                "Training F1 (micro)": 0.9788826438429267,
                "Valid. Loss": 0.0160556718202753,
                "Valid. Accur.": 0.9953703703703703,
                "Valid. Precision (macro)": 0.987305277335751,
                "Valid. Precision (micro)": 0.9964736332712925,
                "Valid. Recall (macro)": 0.989358836855437,
                "Valid. Recall (micro)": 0.9964736332712925,
                "Valid. F1 (macro)": 0.988288642573282,
                "Valid. F1 (micro)": 0.9964736332712925,
                "Training Time": "0:05:11",
                "Validation Time": "0:00:27"
            },
            {
                "epoch": 2,
                "Training Loss": 0.02535692376206794,
                "Training Accur.": 0.9958979738551513,
                "Training Precision (macro)": 0.9923707337923994,
                "Training Precision (micro)": 0.9958979738551513,
                "Training Recall (macro)": 0.9865237578781889,
                "Training Recall (micro)": 0.9958979738551513,
                "Training F1 (macro)": 0.9894150378252924,
                "Training F1 (micro)": 0.9958979738551513,
                "Valid. Loss": 0.021197249105204753,
                "Valid. Accur.": 0.9953703703703703,
                "Valid. Precision (macro)": 0.9745942121913147,
                "Valid. Precision (micro)": 0.9938769686095683,
                "Valid. Recall (macro)": 0.9868156857353775,
                "Valid. Recall (micro)": 0.9938769686095683,
                "Valid. F1 (macro)": 0.9799984361445665,
                "Valid. F1 (micro)": 0.9938769686095683,
                "Training Time": "0:05:11",
                "Validation Time": "0:00:27"
            },
            {
                "epoch": 3,
                "Training Loss": 0.02413249059802268,
                "Training Accur.": 0.9957750016226949,
                "Training Precision (macro)": 0.9887307707754134,
                "Training Precision (micro)": 0.9957750016226949,
                "Training Recall (macro)": 0.9872301418007965,
                "Training Recall (micro)": 0.9957750016226949,
                "Training F1 (macro)": 0.9879714049662549,
                "Training F1 (micro)": 0.9957750016226949,
                "Valid. Loss": 0.05609347289626183,
                "Valid. Accur.": 0.9895833333333334,
                "Valid. Precision (macro)": 0.9453213766823217,
                "Valid. Precision (micro)": 0.98808151933927,
                "Valid. Recall (macro)": 0.9838201134920936,
                "Valid. Recall (micro)": 0.98808151933927,
                "Valid. F1 (macro)": 0.9632671540328901,
                "Valid. F1 (micro)": 0.98808151933927,
                "Training Time": "0:05:10",
                "Validation Time": "0:00:27"
            }
        ],
        [
            {
                "epoch": 1,
                "Training Loss": 0.019992754084714126,
                "Training Accur.": 0.994486146897502,
                "Training Precision (macro)": 0.9917869894867858,
                "Training Precision (micro)": 0.994486146897502,
                "Training Recall (macro)": 0.9788725767879469,
                "Training Recall (micro)": 0.994486146897502,
                "Training F1 (macro)": 0.9850962820164775,
                "Training F1 (micro)": 0.994486146897502,
                "Valid. Loss": 9.121828243560567e-05,
                "Valid. Accur.": 1.0,
                "Valid. Precision (macro)": 1.0,
                "Valid. Precision (micro)": 1.0,
                "Valid. Recall (macro)": 1.0,
                "Valid. Recall (micro)": 1.0,
                "Valid. F1 (macro)": 1.0,
                "Valid. F1 (micro)": 1.0,
                "Training Time": "0:05:10",
                "Validation Time": "0:00:27"
            },
            {
                "epoch": 2,
                "Training Loss": 0.0060505437885250675,
                "Training Accur.": 0.999258800118173,
                "Training Precision (macro)": 0.9985481380087845,
                "Training Precision (micro)": 0.999258800118173,