{
    "cross-validation": [
        [
            {
                "epoch": 1,
                "Training Loss": 0.29527830037959785,
                "Training Accur.": 0.9159446547108405,
                "Training Precision (macro)": 0.5217119719600861,
                "Training Precision (micro)": 0.9159446547108405,
                "Training Recall (macro)": 0.505260771842022,
                "Training Recall (micro)": 0.9159446547108405,
                "Training F1 (macro)": 0.48794847644529954,
                "Training F1 (micro)": 0.9159446547108405,
                "Valid. Loss": 0.2006226215850223,
                "Valid. Accur.": 0.9053030303030304,
                "Valid. Precision (macro)": 0.8118973457880166,
                "Valid. Precision (micro)": 0.897631002718212,
                "Valid. Recall (macro)": 0.5669011544011544,
                "Valid. Recall (micro)": 0.897631002718212,
                "Valid. F1 (macro)": 0.5833187712035179,
                "Valid. F1 (micro)": 0.897631002718212,
                "Training Time": "0:00:32",
                "Validation Time": "0:00:03"
            },
            {
                "epoch": 2,
                "Training Loss": 0.1343861619053885,
                "Training Accur.": 0.937864285671916,
                "Training Precision (macro)": 0.8496948214128804,
                "Training Precision (micro)": 0.937864285671916,
                "Training Recall (macro)": 0.6740823748255785,
                "Training Recall (micro)": 0.937864285671916,
                "Training F1 (macro)": 0.7182421007385001,
                "Training F1 (micro)": 0.937864285671916,
                "Valid. Loss": 0.1496520276943391,
                "Valid. Accur.": 0.9431818181818182,
                "Valid. Precision (macro)": 0.7195541075503188,
                "Valid. Precision (micro)": 0.9413776469009029,
                "Valid. Recall (macro)": 0.7719129623241424,
                "Valid. Recall (micro)": 0.9413776469009029,
                "Valid. F1 (macro)": 0.7408962975956015,
                "Valid. F1 (micro)": 0.9413776469009029,
                "Training Time": "0:00:30",
                "Validation Time": "0:00:03"
            },
            {
                "epoch": 3,
                "Training Loss": 0.021481986119693448,
                "Training Accur.": 0.9994896063293047,
                "Training Precision (macro)": 0.9997183658544141,
                "Training Precision (micro)": 0.9994896063293047,
                "Training Recall (macro)": 0.9973689347101667,
                "Training Recall (micro)": 0.9994896063293047,
                "Training F1 (macro)": 0.9985217489757484,
                "Training F1 (micro)": 0.9994896063293047,
                "Valid. Loss": 0.18644463874145664,
                "Valid. Accur.": 0.9545454545454546,
                "Valid. Precision (macro)": 0.9758499928171802,
                "Valid. Precision (micro)": 0.9543034162220209,
                "Valid. Recall (macro)": 0.790981240981241,
                "Valid. Recall (micro)": 0.9543034162220209,
                "Valid. F1 (macro)": 0.8456647544993157,
                "Valid. F1 (micro)": 0.9543034162220209,
                "Training Time": "0:00:31",
                "Validation Time": "0:00:03"
            }
        ],
        [
            {
                "epoch": 1,
                "Training Loss": 0.059271371292578444,
                "Training Accur.": 0.980737635758405,
                "Training Precision (macro)": 0.9402419514218134,
                "Training Precision (micro)": 0.980737635758405,
                "Training Recall (macro)": 0.8714685773310811,
                "Training Recall (micro)": 0.980737635758405,
                "Training F1 (macro)": 0.8994877629961773,
                "Training F1 (micro)": 0.9807376357584052,
                "Valid. Loss": 0.0040287706281312485,
                "Valid. Accur.": 1.0,
                "Valid. Precision (macro)": 1.0,
                "Valid. Precision (micro)": 1.0,
                "Valid. Recall (macro)": 1.0,
                "Valid. Recall (micro)": 1.0,
                "Valid. F1 (macro)": 1.0,
                "Valid. F1 (micro)": 1.0,
                "Training Time": "0:00:31",
                "Validation Time": "0:00:03"
            },
            {
                "epoch": 2,
                "Training Loss": 0.021913480896199513,
                "Training Accur.": 0.9963752211008632,
                "Training Precision (macro)": 0.9979770128745721,
                "Training Precision (micro)": 0.9963752211008632,
                "Training Recall (macro)": 0.9832542561117454,
                "Training Recall (micro)": 0.9963752211008632,
                "Training F1 (macro)": 0.9903947380751011,
                "Training F1 (micro)": 0.9963752211008632,
                "Valid. Loss": 0.0025707730727100916,
                "Valid. Accur.": 1.0,
                "Valid. Precision (macro)": 1.0,
                "Valid. Precision (micro)": 1.0,
                "Valid. Recall (macro)": 1.0,
                "Valid. Recall (micro)": 1.0,
                "Valid. F1 (macro)": 1.0,
                "Valid. F1 (micro)": 1.0,
                "Training Time": "0:00:31",
                "Validation Time": "0:00:03"
            },
            {
                "epoch": 3,
                "Training Loss": 0.0021755398930656876,
                "Training Accur.": 1.0,
                "Training Precision (macro)": 1.0,
                "Training Precision (micro)": 1.0,
                "Training Recall (macro)": 1.0,
                "Training Recall (micro)": 1.0,
                "Training F1 (macro)": 1.0,
                "Training F1 (micro)": 1.0,
                "Valid. Loss": 0.0014043673872947693,
                "Valid. Accur.": 1.0,
                "Valid. Precision (macro)": 1.0,
                "Valid. Precision (micro)": 1.0,
                "Valid. Recall (macro)": 1.0,
                "Valid. Recall (micro)": 1.0,
                "Valid. F1 (macro)": 1.0,
                "Valid. F1 (micro)": 1.0,
                "Training Time": "0:00:31",
                "Validation Time": "0:00:03"
            }
        ],
        [
            {
                "epoch": 1,
                "Training Loss": 0.0015333006090787781,
                "Training Accur.": 1.0,
                "Training Precision (macro)": 1.0,
                "Training Precision (micro)": 1.0,
                "Training Recall (macro)": 1.0,
                "Training Recall (micro)": 1.0,
                "Training F1 (macro)": 1.0,
                "Training F1 (micro)": 1.0,
                "Valid. Loss": 0.0008814689354039729,
                "Valid. Accur.": 1.0,
                "Valid. Precision (macro)": 1.0,
                "Valid. Precision (micro)": 1.0,
                "Valid. Recall (macro)": 1.0,
                "Valid. Recall (micro)": 1.0,
                "Valid. F1 (macro)": 1.0,
                "Valid. F1 (micro)": 1.0,
                "Training Time": "0:00:31",
                "Validation Time": "0:00:03"
            },
            {
                "epoch": 2,
                "Training Loss": 0.0011176503132108253,
                "Training Accur.": 1.0,
                "Training Precision (macro)": 1.0,
                "Training Precision (micro)": 1.0,
                "Training Recall (macro)": 1.0,
                "Training Recall (micro)": 1.0,
                "Training F1 (macro)": 1.0,
                "Training F1 (micro)": 1.0,
                "Valid. Loss": 0.0006603108115748248,
                "Valid. Accur.": 1.0,
                "Valid. Precision (macro)": 1.0,
                "Valid. Precision (micro)": 1.0,
                "Valid. Recall (macro)": 1.0,
                "Valid. Recall (micro)": 1.0,
                "Valid. F1 (macro)": 1.0,
                "Valid. F1 (micro)": 1.0,
                "Training Time": "0:00:31",