{
    "cross-validation": [
        [
            {
                "epoch": 1,
                "Training Loss": 0.25199077105072015,
                "Training Accur.": 0.8665028166630581,
                "Training Precision (macro)": 0.5797023124852341,
                "Training Precision (micro)": 0.8665028166630581,
                "Training Recall (macro)": 0.5112091403120497,
                "Training Recall (micro)": 0.8665028166630581,
                "Training F1 (macro)": 0.513148954655039,
                "Training F1 (micro)": 0.8665028166630581,
                "Valid. Loss": 0.14090565230542174,
                "Valid. Accur.": 0.94,
                "Valid. Precision (macro)": 0.8263127778531244,
                "Valid. Precision (micro)": 0.9256864962721355,
                "Valid. Recall (macro)": 0.8581649475682821,
                "Valid. Recall (micro)": 0.9256864962721355,
                "Valid. F1 (macro)": 0.8401739421175053,
                "Valid. F1 (micro)": 0.9256864962721355,
                "Training Time": "0:03:37",
                "Validation Time": "0:00:19"
            },
            {
                "epoch": 2,
                "Training Loss": 0.12410835731308907,
                "Training Accur.": 0.9605241760610506,
                "Training Precision (macro)": 0.901188450907321,
                "Training Precision (micro)": 0.9605241760610506,
                "Training Recall (macro)": 0.8737144063163872,
                "Training Recall (micro)": 0.9605241760610506,
                "Training F1 (macro)": 0.8860167651108977,
                "Training F1 (micro)": 0.9605241760610506,
                "Valid. Loss": 0.16587283190029362,
                "Valid. Accur.": 0.9433333333333334,
                "Valid. Precision (macro)": 0.8343520792835829,
                "Valid. Precision (micro)": 0.9363413824494679,
                "Valid. Recall (macro)": 0.9129598242870431,
                "Valid. Recall (micro)": 0.9363413824494679,
                "Valid. F1 (macro)": 0.8665189110540918,
                "Valid. F1 (micro)": 0.9363413824494679,
                "Training Time": "0:03:37",
                "Validation Time": "0:00:19"
            },
            {
                "epoch": 3,
                "Training Loss": 0.06194719715810303,
                "Training Accur.": 0.9846389882204016,
                "Training Precision (macro)": 0.9546357594909836,
                "Training Precision (micro)": 0.9846389882204016,
                "Training Recall (macro)": 0.954938186070772,
                "Training Recall (micro)": 0.9846389882204016,
                "Training F1 (macro)": 0.9546792804004506,
                "Training F1 (micro)": 0.9846389882204016,
                "Valid. Loss": 0.204221197089646,
                "Valid. Accur.": 0.9533333333333334,
                "Valid. Precision (macro)": 0.8574318433940906,
                "Valid. Precision (micro)": 0.9503859687003018,
                "Valid. Recall (macro)": 0.892460269124446,
                "Valid. Recall (micro)": 0.9503859687003018,
                "Valid. F1 (macro)": 0.8725200121739547,
                "Valid. F1 (micro)": 0.9503859687003018,
                "Training Time": "0:03:37",
                "Validation Time": "0:00:19"
            }
        ],
        [
            {
                "epoch": 1,
                "Training Loss": 0.08496521806465655,
                "Training Accur.": 0.9893367449431719,
                "Training Precision (macro)": 0.9694155453379917,
                "Training Precision (micro)": 0.9893367449431719,
                "Training Recall (macro)": 0.972238523216862,
                "Training Recall (micro)": 0.9893367449431719,
                "Training F1 (macro)": 0.9707767040076758,
                "Training F1 (micro)": 0.9893367449431719,
                "Valid. Loss": 0.021491401850556334,
                "Valid. Accur.": 0.9916666666666667,
                "Valid. Precision (macro)": 0.9560417275345119,
                "Valid. Precision (micro)": 0.9919125309480313,
                "Valid. Recall (macro)": 0.9923794111173654,
                "Valid. Recall (micro)": 0.9919125309480313,
                "Valid. F1 (macro)": 0.973016923570972,
                "Valid. F1 (micro)": 0.9919125309480313,
                "Training Time": "0:03:37",
                "Validation Time": "0:00:19"
            },
            {
                "epoch": 2,
                "Training Loss": 0.032726989272559875,
                "Training Accur.": 0.9955252117119124,
                "Training Precision (macro)": 0.9895960151799168,
                "Training Precision (micro)": 0.9955252117119124,
                "Training Recall (macro)": 0.9833860287965284,
                "Training Recall (micro)": 0.9955252117119124,
                "Training F1 (macro)": 0.9863843598623379,
                "Training F1 (micro)": 0.9955252117119124,
                "Valid. Loss": 0.012098250504544316,
                "Valid. Accur.": 0.9966666666666667,
                "Valid. Precision (macro)": 0.972076799590405,
                "Valid. Precision (micro)": 0.993715779451788,
                "Valid. Recall (macro)": 0.9964942754708637,
                "Valid. Recall (micro)": 0.993715779451788,
                "Valid. F1 (macro)": 0.9836936571353884,
                "Valid. F1 (micro)": 0.993715779451788,
                "Training Time": "0:03:37",
                "Validation Time": "0:00:19"
            },
            {
                "epoch": 3,
                "Training Loss": 0.006874570393847534,
                "Training Accur.": 0.9957618226036686,
                "Training Precision (macro)": 0.9947167893124921,
                "Training Precision (micro)": 0.9957618226036686,
                "Training Recall (macro)": 0.982395168224609,
                "Training Recall (micro)": 0.9957618226036686,
                "Training F1 (macro)": 0.988413762939802,
                "Training F1 (micro)": 0.9957618226036686,
                "Valid. Loss": 0.021274755280222355,
                "Valid. Accur.": 0.995,
                "Valid. Precision (macro)": 0.9701624989571674,
                "Valid. Precision (micro)": 0.9934724842052227,
                "Valid. Recall (macro)": 0.9861902274131126,
                "Valid. Recall (micro)": 0.9934724842052227,
                "Valid. F1 (macro)": 0.9774071744976345,
                "Valid. F1 (micro)": 0.9934724842052227,
                "Training Time": "0:03:37",
                "Validation Time": "0:00:19"
            }
        ],
        [
            {
                "epoch": 1,
                "Training Loss": 0.010956593508841858,
                "Training Accur.": 0.9971437895894917,
                "Training Precision (macro)": 0.9958847398301153,
                "Training Precision (micro)": 0.9971437895894917,
                "Training Recall (macro)": 0.9890999322376427,
                "Training Recall (micro)": 0.9971437895894917,
                "Training F1 (macro)": 0.9922689136025898,
                "Training F1 (micro)": 0.9971437895894917,
                "Valid. Loss": 0.0024511530534800843,
                "Valid. Accur.": 0.9983333333333333,
                "Valid. Precision (macro)": 0.9994534668422159,
                "Valid. Precision (micro)": 0.9990026294204761,
                "Valid. Recall (macro)": 0.9944273756819132,
                "Valid. Recall (micro)": 0.9990026294204761,
                "Valid. F1 (macro)": 0.996904123862874,
                "Valid. F1 (micro)": 0.9990026294204761,
                "Training Time": "0:03:37",
                "Validation Time": "0:00:19"
            },
            {
                "epoch": 2,
                "Training Loss": 0.030977686037167586,
                "Training Accur.": 0.9956039700936564,
                "Training Precision (macro)": 0.9834598314797948,