{
    "cross-validation": [
        [
            {
                "epoch": 1,
                "Training Loss": 0.2634917420710531,
                "Training Accur.": 0.8420102788021147,
                "Training Precision (macro)": 0.4587533715619652,
                "Training Precision (micro)": 0.8420102788021147,
                "Training Recall (macro)": 0.47040108571558553,
                "Training Recall (micro)": 0.8420102788021147,
                "Training F1 (macro)": 0.4579167653136883,
                "Training F1 (micro)": 0.8420102788021147,
                "Valid. Loss": 0.2869254811596351,
                "Valid. Accur.": 0.9204545454545454,
                "Valid. Precision (macro)": 0.9130575085219593,
                "Valid. Precision (micro)": 0.9484683389966454,
                "Valid. Recall (macro)": 0.6529763796809253,
                "Valid. Recall (micro)": 0.9484683389966454,
                "Valid. F1 (macro)": 0.7065453271227192,
                "Valid. F1 (micro)": 0.9484683389966454,
                "Training Time": "0:01:33",
                "Validation Time": "0:00:08"
            },
            {
                "epoch": 2,
                "Training Loss": 0.11852768749583426,
                "Training Accur.": 0.9551456265891012,
                "Training Precision (macro)": 0.9309845905566021,
                "Training Precision (micro)": 0.9551456265891012,
                "Training Recall (macro)": 0.830416472322635,
                "Training Recall (micro)": 0.9551456265891012,
                "Training F1 (macro)": 0.8686455397172648,
                "Training F1 (micro)": 0.9551456265891012,
                "Valid. Loss": 0.17018497531535104,
                "Valid. Accur.": 0.9431818181818182,
                "Valid. Precision (macro)": 0.8222647515257895,
                "Valid. Precision (micro)": 0.9394748619258554,
                "Valid. Recall (macro)": 0.8608545299421565,
                "Valid. Recall (micro)": 0.9394748619258554,
                "Valid. F1 (macro)": 0.8342455835494654,
                "Valid. F1 (micro)": 0.9394748619258554,
                "Training Time": "0:01:33",
                "Validation Time": "0:00:08"
            },
            {
                "epoch": 3,
                "Training Loss": 0.07026856574374288,
                "Training Accur.": 0.9840731955417887,
                "Training Precision (macro)": 0.9584743947928107,
                "Training Precision (micro)": 0.9840731955417887,
                "Training Recall (macro)": 0.9306849555007735,
                "Training Recall (micro)": 0.9840731955417887,
                "Training F1 (macro)": 0.9437064544191743,
                "Training F1 (micro)": 0.9840731955417887,
                "Valid. Loss": 0.13670442965513124,
                "Valid. Accur.": 0.9696969696969697,
                "Valid. Precision (macro)": 0.9131785147055992,
                "Valid. Precision (micro)": 0.972750213181955,
                "Valid. Recall (macro)": 0.9380736701112705,
                "Valid. Recall (micro)": 0.972750213181955,
                "Valid. F1 (macro)": 0.924432708624044,
                "Valid. F1 (micro)": 0.972750213181955,
                "Training Time": "0:01:33",
                "Validation Time": "0:00:08"
            }
        ],
        [
            {
                "epoch": 1,
                "Training Loss": 0.0721898144860066,
                "Training Accur.": 0.9845949757836736,
                "Training Precision (macro)": 0.9793176531505009,
                "Training Precision (micro)": 0.9845949757836736,
                "Training Recall (macro)": 0.9408717102835411,
                "Training Recall (micro)": 0.9845949757836736,
                "Training F1 (macro)": 0.9587941609620066,
                "Training F1 (micro)": 0.9845949757836736,
                "Valid. Loss": 0.04251929854085161,
                "Valid. Accur.": 0.9886363636363636,
                "Valid. Precision (macro)": 0.9570790167286529,
                "Valid. Precision (micro)": 0.9758037961748472,
                "Valid. Recall (macro)": 0.840516666858506,
                "Valid. Recall (micro)": 0.9758037961748472,
                "Valid. F1 (macro)": 0.8816714341490792,
                "Valid. F1 (micro)": 0.9758037961748472,
                "Training Time": "0:01:33",
                "Validation Time": "0:00:08"
            },
            {
                "epoch": 2,
                "Training Loss": 0.033355767812260406,
                "Training Accur.": 0.9916732699299298,
                "Training Precision (macro)": 0.991787425602973,
                "Training Precision (micro)": 0.9916732699299298,
                "Training Recall (macro)": 0.9609280846176935,
                "Training Recall (micro)": 0.9916732699299298,
                "Training F1 (macro)": 0.9752311268436689,
                "Training F1 (micro)": 0.9916732699299298,
                "Valid. Loss": 0.04056178811835266,
                "Valid. Accur.": 0.9886363636363636,
                "Valid. Precision (macro)": 0.9934449951502831,
                "Valid. Precision (micro)": 0.997684667761696,
                "Valid. Recall (macro)": 0.9935711793409087,
                "Valid. Recall (micro)": 0.997684667761696,
                "Valid. F1 (macro)": 0.9934800411894427,
                "Valid. F1 (micro)": 0.997684667761696,
                "Training Time": "0:01:33",
                "Validation Time": "0:00:08"
            },
            {
                "epoch": 3,
                "Training Loss": 0.018652768550908135,
                "Training Accur.": 0.9913619993268942,
                "Training Precision (macro)": 0.9862119855963218,
                "Training Precision (micro)": 0.9913619993268942,
                "Training Recall (macro)": 0.9700136234701205,
                "Training Recall (micro)": 0.9913619993268942,
                "Training F1 (macro)": 0.9778734531942844,
                "Training F1 (micro)": 0.9913619993268942,
                "Valid. Loss": 0.032449098563202744,
                "Valid. Accur.": 0.9962121212121212,
                "Valid. Precision (macro)": 0.9983680831215698,
                "Valid. Precision (micro)": 0.9970780507315274,
                "Valid. Recall (macro)": 0.9866994296631221,
                "Valid. Recall (micro)": 0.9970780507315274,
                "Valid. F1 (macro)": 0.9923600978070765,
                "Valid. F1 (micro)": 0.9970780507315274,
                "Training Time": "0:01:33",
                "Validation Time": "0:00:08"
            }
        ],
        [
            {
                "epoch": 1,
                "Training Loss": 0.012813980979071082,
                "Training Accur.": 0.9965264059388865,
                "Training Precision (macro)": 0.9950769272795934,
                "Training Precision (micro)": 0.9965264059388865,
                "Training Recall (macro)": 0.9863150560011247,
                "Training Recall (micro)": 0.9965264059388865,
                "Training F1 (macro)": 0.9906171236001289,
                "Training F1 (micro)": 0.9965264059388865,
                "Valid. Loss": 0.011400254524866768,
                "Valid. Accur.": 0.9962121212121212,
                "Valid. Precision (macro)": 0.9990658106777525,
                "Valid. Precision (micro)": 0.9983171784267308,
                "Valid. Recall (macro)": 0.9918622988781094,
                "Valid. Recall (micro)": 0.9983171784267308,
                "Valid. F1 (macro)": 0.9953693507727477,
                "Valid. F1 (micro)": 0.9983171784267308,
                "Training Time": "0:01:33",
                "Validation Time": "0:00:08"
            },
            {
                "epoch": 2,
                "Training Loss": 0.00481585377539971,
                "Training Accur.": 0.9998195551591189,
                "Training Precision (macro)": 0.999148531755649,