{
    "cross-validation": [
        [
            {
                "epoch": 1,
                "Training Loss": 0.30056443529983246,
                "Training Accur.": 0.8427313712164489,
                "Training Precision (macro)": 0.5333754272469747,
                "Training Precision (micro)": 0.8427313712164489,
                "Training Recall (macro)": 0.5214143261453364,
                "Training Recall (micro)": 0.8427313712164489,
                "Training F1 (macro)": 0.5066572686265839,
                "Training F1 (micro)": 0.8427313712164489,
                "Valid. Loss": 0.40077672547406773,
                "Valid. Accur.": 0.8920454545454546,
                "Valid. Precision (macro)": 0.4862605553241261,
                "Valid. Precision (micro)": 0.9270665651937068,
                "Valid. Recall (macro)": 0.5227272727272727,
                "Valid. Recall (micro)": 0.9270665651937068,
                "Valid. F1 (macro)": 0.5037072251828827,
                "Valid. F1 (micro)": 0.9270665651937068,
                "Training Time": "0:01:02",
                "Validation Time": "0:00:05"
            },
            {
                "epoch": 2,
                "Training Loss": 0.14907454812173668,
                "Training Accur.": 0.9224652599426548,
                "Training Precision (macro)": 0.873073222029089,
                "Training Precision (micro)": 0.9224652599426548,
                "Training Recall (macro)": 0.6208377821958653,
                "Training Recall (micro)": 0.9224652599426548,
                "Training F1 (macro)": 0.6586687014726332,
                "Training F1 (micro)": 0.9224652599426548,
                "Valid. Loss": 0.09947279630101878,
                "Valid. Accur.": 0.9545454545454546,
                "Valid. Precision (macro)": 0.9033637612482011,
                "Valid. Precision (micro)": 0.9517817562056042,
                "Valid. Recall (macro)": 0.9023824192050401,
                "Valid. Recall (micro)": 0.9517817562056042,
                "Valid. F1 (macro)": 0.8968603409970238,
                "Valid. F1 (micro)": 0.9517817562056042,
                "Training Time": "0:01:02",
                "Validation Time": "0:00:05"
            },
            {
                "epoch": 3,
                "Training Loss": 0.023950680048031688,
                "Training Accur.": 0.9874349788724857,
                "Training Precision (macro)": 0.9678314775968555,
                "Training Precision (micro)": 0.9874349788724857,
                "Training Recall (macro)": 0.9696905922187368,
                "Training Recall (micro)": 0.9874349788724857,
                "Training F1 (macro)": 0.9685305010254237,
                "Training F1 (micro)": 0.9874349788724857,
                "Valid. Loss": 0.1262758470389103,
                "Valid. Accur.": 0.9715909090909091,
                "Valid. Precision (macro)": 0.968042194641514,
                "Valid. Precision (micro)": 0.9883434110127927,
                "Valid. Recall (macro)": 0.9787259130929633,
                "Valid. Recall (micro)": 0.9883434110127927,
                "Valid. F1 (macro)": 0.9730550059608675,
                "Valid. F1 (micro)": 0.9883434110127927,
                "Training Time": "0:01:02",
                "Validation Time": "0:00:05"
            }
        ],
        [
            {
                "epoch": 1,
                "Training Loss": 0.03622246513361122,
                "Training Accur.": 0.9911898381614965,
                "Training Precision (macro)": 0.9794889695762451,
                "Training Precision (micro)": 0.9911898381614965,
                "Training Recall (macro)": 0.9753846193782603,
                "Training Recall (micro)": 0.9911898381614965,
                "Training F1 (macro)": 0.9773222033722728,
                "Training F1 (micro)": 0.9911898381614965,
                "Valid. Loss": 0.0007295766481547616,
                "Valid. Accur.": 1.0,
                "Valid. Precision (macro)": 1.0,
                "Valid. Precision (micro)": 1.0,
                "Valid. Recall (macro)": 1.0,
                "Valid. Recall (micro)": 1.0,
                "Valid. F1 (macro)": 1.0,
                "Valid. F1 (micro)": 1.0,
                "Training Time": "0:01:02",
                "Validation Time": "0:00:05"
            },
            {
                "epoch": 2,
                "Training Loss": 0.006031701527400549,
                "Training Accur.": 0.9992462160012825,
                "Training Precision (macro)": 0.9995877211626758,
                "Training Precision (micro)": 0.9992462160012825,
                "Training Recall (macro)": 0.9956834133411249,
                "Training Recall (micro)": 0.9992462160012825,
                "Training F1 (macro)": 0.9976111497548732,
                "Training F1 (micro)": 0.9992462160012825,
                "Valid. Loss": 0.00052184159391221,
                "Valid. Accur.": 1.0,
                "Valid. Precision (macro)": 1.0,
                "Valid. Precision (micro)": 1.0,
                "Valid. Recall (macro)": 1.0,
                "Valid. Recall (micro)": 1.0,
                "Valid. F1 (macro)": 1.0,
                "Valid. F1 (micro)": 1.0,
                "Training Time": "0:01:02",
                "Validation Time": "0:00:05"
            },
            {
                "epoch": 3,
                "Training Loss": 0.00028495701993707306,
                "Training Accur.": 1.0,
                "Training Precision (macro)": 1.0,
                "Training Precision (micro)": 1.0,
                "Training Recall (macro)": 1.0,
                "Training Recall (micro)": 1.0,
                "Training F1 (macro)": 1.0,
                "Training F1 (micro)": 1.0,
                "Valid. Loss": 0.0003524298233308152,
                "Valid. Accur.": 1.0,
                "Valid. Precision (macro)": 1.0,
                "Valid. Precision (micro)": 1.0,
                "Valid. Recall (macro)": 1.0,
                "Valid. Recall (micro)": 1.0,
                "Valid. F1 (macro)": 1.0,
                "Valid. F1 (micro)": 1.0,
                "Training Time": "0:01:02",
                "Validation Time": "0:00:05"
            }
        ],
        [
            {
                "epoch": 1,
                "Training Loss": 0.011176420241860987,
                "Training Accur.": 0.9981905495162356,
                "Training Precision (macro)": 0.9988461580331944,
                "Training Precision (micro)": 0.9981905495162356,
                "Training Recall (macro)": 0.9913088474250191,
                "Training Recall (micro)": 0.9981905495162356,
                "Training F1 (macro)": 0.9950136303565573,
                "Training F1 (micro)": 0.9981905495162356,
                "Valid. Loss": 0.00012205094753880985,
                "Valid. Accur.": 1.0,
                "Valid. Precision (macro)": 1.0,
                "Valid. Precision (micro)": 1.0,
                "Valid. Recall (macro)": 1.0,
                "Valid. Recall (micro)": 1.0,
                "Valid. F1 (macro)": 1.0,
                "Valid. F1 (micro)": 1.0,
                "Training Time": "0:01:02",
                "Validation Time": "0:00:05"
            },
            {
                "epoch": 2,
                "Training Loss": 0.0001830255220506102,
                "Training Accur.": 1.0,
                "Training Precision (macro)": 1.0,
                "Training Precision (micro)": 1.0,
                "Training Recall (macro)": 1.0,
                "Training Recall (micro)": 1.0,
                "Training F1 (macro)": 1.0,
                "Training F1 (micro)": 1.0,
                "Valid. Loss": 8.779290245994079e-05,
                "Valid. Accur.": 1.0,
                "Valid. Precision (macro)": 1.0,
                "Valid. Precision (micro)": 1.0,
                "Valid. Recall (macro)": 1.0,
                "Valid. Recall (micro)": 1.0,