{
    "cross-validation": [
        [
            {
                "epoch": 1,
                "Training Loss": 0.23168409714458968,
                "Training Accur.": 0.8724191222232253,
                "Training Precision (macro)": 0.6101599896514269,
                "Training Precision (micro)": 0.8724191222232253,
                "Training Recall (macro)": 0.5386596821138712,
                "Training Recall (micro)": 0.8724191222232253,
                "Training F1 (macro)": 0.5414230960821648,
                "Training F1 (micro)": 0.8724191222232253,
                "Valid. Loss": 0.344868611302585,
                "Valid. Accur.": 0.9019230769230769,
                "Valid. Precision (macro)": 0.7475941929958598,
                "Valid. Precision (micro)": 0.9070843121707234,
                "Valid. Recall (macro)": 0.9207202065791177,
                "Valid. Recall (micro)": 0.9070843121707234,
                "Valid. F1 (macro)": 0.7971000500255405,
                "Valid. F1 (micro)": 0.9070843121707235,
                "Training Time": "0:03:06",
                "Validation Time": "0:00:16"
            },
            {
                "epoch": 2,
                "Training Loss": 0.10491331806542271,
                "Training Accur.": 0.9710477216625184,
                "Training Precision (macro)": 0.9293321788469452,
                "Training Precision (micro)": 0.9710477216625184,
                "Training Recall (macro)": 0.9113619115429695,
                "Training Recall (micro)": 0.9710477216625184,
                "Training F1 (macro)": 0.919366811823129,
                "Training F1 (micro)": 0.9710477216625184,
                "Valid. Loss": 0.2077440191351343,
                "Valid. Accur.": 0.95,
                "Valid. Precision (macro)": 0.943319660416401,
                "Valid. Precision (micro)": 0.9633302188467903,
                "Valid. Recall (macro)": 0.859551314649478,
                "Valid. Recall (micro)": 0.9633302188467903,
                "Valid. F1 (macro)": 0.8947311332805556,
                "Valid. F1 (micro)": 0.9633302188467903,
                "Training Time": "0:03:06",
                "Validation Time": "0:00:16"
            },
            {
                "epoch": 3,
                "Training Loss": 0.03331435553552646,
                "Training Accur.": 0.991844579819786,
                "Training Precision (macro)": 0.9806667700244458,
                "Training Precision (micro)": 0.991844579819786,
                "Training Recall (macro)": 0.9754514730807529,
                "Training Recall (micro)": 0.991844579819786,
                "Training F1 (macro)": 0.9780142434017118,
                "Training F1 (micro)": 0.991844579819786,
                "Valid. Loss": 0.2508673871636767,
                "Valid. Accur.": 0.95,
                "Valid. Precision (macro)": 0.8677892630529135,
                "Valid. Precision (micro)": 0.9286024717454737,
                "Valid. Recall (macro)": 0.7443115525057313,
                "Valid. Recall (micro)": 0.9286024717454737,
                "Valid. F1 (macro)": 0.7888864674000321,
                "Valid. F1 (micro)": 0.9286024717454737,
                "Training Time": "0:03:06",
                "Validation Time": "0:00:16"
            }
        ],
        [
            {
                "epoch": 1,
                "Training Loss": 0.0844492571851273,
                "Training Accur.": 0.9854428403809237,
                "Training Precision (macro)": 0.9618028211551048,
                "Training Precision (micro)": 0.9854428403809237,
                "Training Recall (macro)": 0.9653758579487123,
                "Training Recall (micro)": 0.9854428403809237,
                "Training F1 (macro)": 0.9634834414933199,
                "Training F1 (micro)": 0.9854428403809237,
                "Valid. Loss": 0.0045680267960191345,
                "Valid. Accur.": 0.9980769230769231,
                "Valid. Precision (macro)": 0.993973230008626,
                "Valid. Precision (micro)": 0.9991220734169203,
                "Valid. Recall (macro)": 0.9995277640071281,
                "Valid. Recall (micro)": 0.9991220734169203,
                "Valid. F1 (macro)": 0.9966994829594359,
                "Valid. F1 (micro)": 0.9991220734169203,
                "Training Time": "0:03:06",
                "Validation Time": "0:00:16"
            },
            {
                "epoch": 2,
                "Training Loss": 0.03149029989382012,
                "Training Accur.": 0.9954370915692416,
                "Training Precision (macro)": 0.9843465295684094,
                "Training Precision (micro)": 0.9954370915692416,
                "Training Recall (macro)": 0.9926233172915714,
                "Training Recall (micro)": 0.9954370915692416,
                "Training F1 (macro)": 0.9884096761490246,
                "Training F1 (micro)": 0.9954370915692416,
                "Valid. Loss": 0.013950706450738764,
                "Valid. Accur.": 0.9942307692307693,
                "Valid. Precision (macro)": 0.9962095026828085,
                "Valid. Precision (micro)": 0.9930101595554633,
                "Valid. Recall (macro)": 0.9596726553130152,
                "Valid. Recall (micro)": 0.9930101595554633,
                "Valid. F1 (macro)": 0.9767589558396401,
                "Valid. F1 (micro)": 0.9930101595554633,
                "Training Time": "0:03:06",
                "Validation Time": "0:00:16"
            },
            {
                "epoch": 3,
                "Training Loss": 0.006204045413060618,
                "Training Accur.": 0.9989696960547721,
                "Training Precision (macro)": 0.9975511416220949,
                "Training Precision (micro)": 0.9989696960547721,
                "Training Recall (macro)": 0.9969553533300772,
                "Training Recall (micro)": 0.9989696960547721,
                "Training F1 (macro)": 0.9972506299058055,
                "Training F1 (micro)": 0.9989696960547721,
                "Valid. Loss": 0.01680864388606726,
                "Valid. Accur.": 0.9980769230769231,
                "Valid. Precision (macro)": 0.9972920909721196,
                "Valid. Precision (micro)": 0.9996104937868949,
                "Valid. Recall (macro)": 0.9997906275363699,
                "Valid. Recall (micro)": 0.9996104937868949,
                "Valid. F1 (macro)": 0.9985210361504515,
                "Valid. F1 (micro)": 0.9996104937868949,
                "Training Time": "0:03:06",
                "Validation Time": "0:00:16"
            }
        ],
        [
            {
                "epoch": 1,
                "Training Loss": 0.006331489276559253,
                "Training Accur.": 0.9981570748811665,
                "Training Precision (macro)": 0.9966767528042602,
                "Training Precision (micro)": 0.9981570748811665,
                "Training Recall (macro)": 0.9934051808335207,
                "Training Recall (micro)": 0.9981570748811665,
                "Training F1 (macro)": 0.9950297040195727,
                "Training F1 (micro)": 0.9981570748811665,
                "Valid. Loss": 4.3218234546097495e-05,
                "Valid. Accur.": 1.0,
                "Valid. Precision (macro)": 1.0,
                "Valid. Precision (micro)": 1.0,
                "Valid. Recall (macro)": 1.0,
                "Valid. Recall (micro)": 1.0,
                "Valid. F1 (macro)": 1.0,
                "Valid. F1 (micro)": 1.0,
                "Training Time": "0:03:06",
                "Validation Time": "0:00:16"
            },
            {
                "epoch": 2,
                "Training Loss": 0.0002053142061094882,
                "Training Accur.": 1.0,
                "Training Precision (macro)": 1.0,
                "Training Precision (micro)": 1.0,
                "Training Recall (macro)": 1.0,
                "Training Recall (micro)": 1.0,