{
    "cross-validation": [
        [
            {
                "epoch": 1,
                "Training Loss": 0.21448352495987505,
                "Training Accur.": 0.8804724119326087,
                "Training Precision (macro)": 0.6720797344681475,
                "Training Precision (micro)": 0.8804724119326087,
                "Training Recall (macro)": 0.5937877348263914,
                "Training Recall (micro)": 0.8804724119326087,
                "Training F1 (macro)": 0.6105966676534297,
                "Training F1 (micro)": 0.8804724119326087,
                "Valid. Loss": 0.1855054148974327,
                "Valid. Accur.": 0.9365384615384615,
                "Valid. Precision (macro)": 0.7981085518382315,
                "Valid. Precision (micro)": 0.9374652325970464,
                "Valid. Recall (macro)": 0.9032247078204159,
                "Valid. Recall (micro)": 0.9374652325970464,
                "Valid. F1 (macro)": 0.8371930883156393,
                "Valid. F1 (micro)": 0.9374652325970464,
                "Training Time": "0:03:10",
                "Validation Time": "0:00:17"
            },
            {
                "epoch": 2,
                "Training Loss": 0.09136282776415362,
                "Training Accur.": 0.9765792330859274,
                "Training Precision (macro)": 0.9488588463273138,
                "Training Precision (micro)": 0.9765792330859274,
                "Training Recall (macro)": 0.9209545775360091,
                "Training Recall (micro)": 0.9765792330859274,
                "Training F1 (macro)": 0.9339828300616654,
                "Training F1 (micro)": 0.9765792330859275,
                "Valid. Loss": 0.21493015531719162,
                "Valid. Accur.": 0.9442307692307692,
                "Valid. Precision (macro)": 0.9146768964897609,
                "Valid. Precision (micro)": 0.9630459543433049,
                "Valid. Recall (macro)": 0.8898803870499485,
                "Valid. Recall (micro)": 0.9630459543433049,
                "Valid. F1 (macro)": 0.9011057939506438,
                "Valid. F1 (micro)": 0.9630459543433049,
                "Training Time": "0:03:10",
                "Validation Time": "0:00:17"
            },
            {
                "epoch": 3,
                "Training Loss": 0.027999614519524617,
                "Training Accur.": 0.9950747963098964,
                "Training Precision (macro)": 0.990360312432408,
                "Training Precision (micro)": 0.9950747963098964,
                "Training Recall (macro)": 0.9831031763416479,
                "Training Recall (micro)": 0.9950747963098964,
                "Training F1 (macro)": 0.9866746533395432,
                "Training F1 (micro)": 0.9950747963098964,
                "Valid. Loss": 0.21903011515297785,
                "Valid. Accur.": 0.9557692307692308,
                "Valid. Precision (macro)": 0.8467759800967762,
                "Valid. Precision (micro)": 0.935071178159219,
                "Valid. Recall (macro)": 0.811742215587961,
                "Valid. Recall (micro)": 0.935071178159219,
                "Valid. F1 (macro)": 0.8265289111197076,
                "Valid. F1 (micro)": 0.935071178159219,
                "Training Time": "0:03:10",
                "Validation Time": "0:00:17"
            }
        ],
        [
            {
                "epoch": 1,
                "Training Loss": 0.0724074114587408,
                "Training Accur.": 0.9873470266167019,
                "Training Precision (macro)": 0.9694196319446812,
                "Training Precision (micro)": 0.9873470266167019,
                "Training Recall (macro)": 0.966836030057006,
                "Training Recall (micro)": 0.9873470266167019,
                "Training F1 (macro)": 0.9680448476869329,
                "Training F1 (micro)": 0.9873470266167019,
                "Valid. Loss": 0.01106857261665237,
                "Valid. Accur.": 0.9980769230769231,
                "Valid. Precision (macro)": 0.9992440332208951,
                "Valid. Precision (micro)": 0.9985919040180697,
                "Valid. Recall (macro)": 0.9901432671610293,
                "Valid. Recall (micro)": 0.9985919040180697,
                "Valid. F1 (macro)": 0.9945946779405358,
                "Valid. F1 (micro)": 0.9985919040180697,
                "Training Time": "0:03:10",
                "Validation Time": "0:00:17"
            },
            {
                "epoch": 2,
                "Training Loss": 0.02233433948777904,
                "Training Accur.": 0.9908394644797928,
                "Training Precision (macro)": 0.9777411606849987,
                "Training Precision (micro)": 0.9908394644797928,
                "Training Recall (macro)": 0.9756156574558543,
                "Training Recall (micro)": 0.9908394644797928,
                "Training F1 (macro)": 0.9765834204726498,
                "Training F1 (micro)": 0.9908394644797928,
                "Valid. Loss": 0.013246021889006863,
                "Valid. Accur.": 0.9980769230769231,
                "Valid. Precision (macro)": 0.998262152050345,
                "Valid. Precision (micro)": 0.9968149145618663,
                "Valid. Recall (macro)": 0.9817685620887422,
                "Valid. Recall (micro)": 0.9968149145618663,
                "Valid. F1 (macro)": 0.9897628350888115,
                "Valid. F1 (micro)": 0.9968149145618663,
                "Training Time": "0:03:10",
                "Validation Time": "0:00:17"
            },
            {
                "epoch": 3,
                "Training Loss": 0.01191012570743199,
                "Training Accur.": 0.9907381959876339,
                "Training Precision (macro)": 0.9873315128758273,
                "Training Precision (micro)": 0.9907381959876339,
                "Training Recall (macro)": 0.9642188836529222,
                "Training Recall (micro)": 0.9907381959876339,
                "Training F1 (macro)": 0.9744966035687175,
                "Training F1 (micro)": 0.9907381959876339,
                "Valid. Loss": 0.015347468789528088,
                "Valid. Accur.": 0.9980769230769231,
                "Valid. Precision (macro)": 0.9991062959110915,
                "Valid. Precision (micro)": 0.9983307723984843,
                "Valid. Recall (macro)": 0.9879091224764975,
                "Valid. Recall (micro)": 0.9983307723984843,
                "Valid. F1 (macro)": 0.9933705350375976,
                "Valid. F1 (micro)": 0.9983307723984843,
                "Training Time": "0:03:10",
                "Validation Time": "0:00:17"
            }
        ],
        [
            {
                "epoch": 1,
                "Training Loss": 0.006667230274374932,
                "Training Accur.": 0.9998048492934193,
                "Training Precision (macro)": 0.9992158068907085,
                "Training Precision (micro)": 0.9998048492934193,
                "Training Recall (macro)": 0.9996953702120566,
                "Training Recall (micro)": 0.9998048492934193,
                "Training F1 (macro)": 0.9994547773158573,
                "Training F1 (micro)": 0.9998048492934193,
                "Valid. Loss": 0.0003860221309318709,
                "Valid. Accur.": 1.0,
                "Valid. Precision (macro)": 1.0,
                "Valid. Precision (micro)": 1.0,
                "Valid. Recall (macro)": 1.0,
                "Valid. Recall (micro)": 1.0,
                "Valid. F1 (macro)": 1.0,
                "Valid. F1 (micro)": 1.0,
                "Training Time": "0:03:10",
                "Validation Time": "0:00:17"
            },
            {
                "epoch": 2,
                "Training Loss": 0.01051331698812795,
                "Training Accur.": 0.9975375482834954,
                "Training Precision (macro)": 0.9950705404785738,
                "Training Precision (micro)": 0.9975375482834954,