{
    "cross-validation": [
        [
            {
                "epoch": 1,
                "Training Loss": 0.3400293025513028,
                "Training Accur.": 0.656453644498899,
                "Training Precision (macro)": 0.47975448901716733,
                "Training Precision (micro)": 0.656453644498899,
                "Training Recall (macro)": 0.5113633195475255,
                "Training Recall (micro)": 0.656453644498899,
                "Training F1 (macro)": 0.44809796898074394,
                "Training F1 (micro)": 0.656453644498899,
                "Valid. Loss": 0.3119585249911655,
                "Valid. Accur.": 0.8484848484848485,
                "Valid. Precision (macro)": 0.4236687367864694,
                "Valid. Precision (micro)": 0.8473374735729388,
                "Valid. Recall (macro)": 0.5,
                "Valid. Recall (micro)": 0.8473374735729388,
                "Valid. F1 (macro)": 0.45859908734288085,
                "Valid. F1 (micro)": 0.8473374735729388,
                "Training Time": "0:00:31",
                "Validation Time": "0:00:03"
            },
            {
                "epoch": 2,
                "Training Loss": 0.13899288300511448,
                "Training Accur.": 0.9393238152738198,
                "Training Precision (macro)": 0.6936814558922175,
                "Training Precision (micro)": 0.9393238152738198,
                "Training Recall (macro)": 0.5554477029463328,
                "Training Recall (micro)": 0.9393238152738198,
                "Training F1 (macro)": 0.5657661069027612,
                "Training F1 (micro)": 0.9393238152738198,
                "Valid. Loss": 0.1538639372765002,
                "Valid. Accur.": 0.9318181818181818,
                "Valid. Precision (macro)": 0.8925573223260289,
                "Valid. Precision (micro)": 0.8886656221685292,
                "Valid. Recall (macro)": 0.7964022588199586,
                "Valid. Recall (micro)": 0.8886656221685292,
                "Valid. F1 (macro)": 0.8263867778973993,
                "Valid. F1 (micro)": 0.8886656221685292,
                "Training Time": "0:00:32",
                "Validation Time": "0:00:03"
            },
            {
                "epoch": 3,
                "Training Loss": 0.01614103791152322,
                "Training Accur.": 1.0,
                "Training Precision (macro)": 1.0,
                "Training Precision (micro)": 1.0,
                "Training Recall (macro)": 1.0,
                "Training Recall (micro)": 1.0,
                "Training F1 (macro)": 1.0,
                "Training F1 (micro)": 1.0,
                "Valid. Loss": 0.13034203205130657,
                "Valid. Accur.": 0.9659090909090909,
                "Valid. Precision (macro)": 0.9744291073596064,
                "Valid. Precision (micro)": 0.9556896833786369,
                "Valid. Recall (macro)": 0.8833908515726697,
                "Valid. Recall (micro)": 0.9556896833786369,
                "Valid. F1 (macro)": 0.9181599476079799,
                "Valid. F1 (micro)": 0.9556896833786369,
                "Training Time": "0:00:31",
                "Validation Time": "0:00:03"
            }
        ],
        [
            {
                "epoch": 1,
                "Training Loss": 0.04793819007572046,
                "Training Accur.": 0.991401525830175,
                "Training Precision (macro)": 0.9951844821275554,
                "Training Precision (micro)": 0.991401525830175,
                "Training Recall (macro)": 0.9628132980176076,
                "Training Recall (micro)": 0.991401525830175,
                "Training F1 (macro)": 0.9780301860691958,
                "Training F1 (micro)": 0.991401525830175,
                "Valid. Loss": 0.0012954416399059648,
                "Valid. Accur.": 1.0,
                "Valid. Precision (macro)": 1.0,
                "Valid. Precision (micro)": 1.0,
                "Valid. Recall (macro)": 1.0,
                "Valid. Recall (micro)": 1.0,
                "Valid. F1 (macro)": 1.0,
                "Valid. F1 (micro)": 1.0,
                "Training Time": "0:00:32",
                "Validation Time": "0:00:03"
            },
            {
                "epoch": 2,
                "Training Loss": 0.004827396173928972,
                "Training Accur.": 0.9968064758925831,
                "Training Precision (macro)": 0.9840310958344495,
                "Training Precision (micro)": 0.9968064758925831,
                "Training Recall (macro)": 0.9982356325932334,
                "Training Recall (micro)": 0.9968064758925831,
                "Training F1 (macro)": 0.9909124285715014,
                "Training F1 (micro)": 0.9968064758925831,
                "Valid. Loss": 0.010577662919372828,
                "Valid. Accur.": 0.9886363636363636,
                "Valid. Precision (macro)": 0.9928348909655768,
                "Valid. Precision (micro)": 0.9864925207221718,
                "Valid. Recall (macro)": 0.9120129870129872,
                "Valid. Recall (micro)": 0.9864925207221718,
                "Valid. F1 (macro)": 0.9444157454706346,
                "Valid. F1 (micro)": 0.9864925207221718,
                "Training Time": "0:00:32",
                "Validation Time": "0:00:03"
            },
            {
                "epoch": 3,
                "Training Loss": 0.0016737407693357834,
                "Training Accur.": 1.0,
                "Training Precision (macro)": 1.0,
                "Training Precision (micro)": 1.0,
                "Training Recall (macro)": 1.0,
                "Training Recall (micro)": 1.0,
                "Training F1 (macro)": 1.0,
                "Training F1 (micro)": 1.0,
                "Valid. Loss": 0.0008156563271768391,
                "Valid. Accur.": 1.0,
                "Valid. Precision (macro)": 1.0,
                "Valid. Precision (micro)": 1.0,
                "Valid. Recall (macro)": 1.0,
                "Valid. Recall (micro)": 1.0,
                "Valid. F1 (macro)": 1.0,
                "Valid. F1 (micro)": 1.0,
                "Training Time": "0:00:32",
                "Validation Time": "0:00:03"
            }
        ],
        [
            {
                "epoch": 1,
                "Training Loss": 0.0008954376856753127,
                "Training Accur.": 1.0,
                "Training Precision (macro)": 1.0,
                "Training Precision (micro)": 1.0,
                "Training Recall (macro)": 1.0,
                "Training Recall (micro)": 1.0,
                "Training F1 (macro)": 1.0,
                "Training F1 (micro)": 1.0,
                "Valid. Loss": 0.0002954349950993095,
                "Valid. Accur.": 1.0,
                "Valid. Precision (macro)": 1.0,
                "Valid. Precision (micro)": 1.0,
                "Valid. Recall (macro)": 1.0,
                "Valid. Recall (micro)": 1.0,
                "Valid. F1 (macro)": 1.0,
                "Valid. F1 (micro)": 1.0,
                "Training Time": "0:00:32",
                "Validation Time": "0:00:03"
            },
            {
                "epoch": 2,
                "Training Loss": 0.0005345849224182149,
                "Training Accur.": 1.0,
                "Training Precision (macro)": 1.0,
                "Training Precision (micro)": 1.0,
                "Training Recall (macro)": 1.0,
                "Training Recall (micro)": 1.0,
                "Training F1 (macro)": 1.0,
                "Training F1 (micro)": 1.0,
                "Valid. Loss": 0.00023139139044691217,
                "Valid. Accur.": 1.0,
                "Valid. Precision (macro)": 1.0,
                "Valid. Precision (micro)": 1.0,
                "Valid. Recall (macro)": 1.0,
                "Valid. Recall (micro)": 1.0,
                "Valid. F1 (macro)": 1.0,
                "Valid. F1 (micro)": 1.0,
                "Training Time": "0:00:31",