{
    "cross-validation": [
        [
            {
                "epoch": 1,
                "Training Loss": 0.21677567512810308,
                "Training Accur.": 0.893433538740238,
                "Training Precision (macro)": 0.7142725734447085,
                "Training Precision (micro)": 0.893433538740238,
                "Training Recall (macro)": 0.6119598300848677,
                "Training Recall (micro)": 0.893433538740238,
                "Training F1 (macro)": 0.6365192683974356,
                "Training F1 (micro)": 0.893433538740238,
                "Valid. Loss": 0.1521376381260967,
                "Valid. Accur.": 0.9394329896907216,
                "Valid. Precision (macro)": 0.8032674481741362,
                "Valid. Precision (micro)": 0.9383309172098366,
                "Valid. Recall (macro)": 0.879228340878929,
                "Valid. Recall (micro)": 0.9383309172098366,
                "Valid. F1 (macro)": 0.8350288609121211,
                "Valid. F1 (micro)": 0.9383309172098366,
                "Training Time": "0:04:45",
                "Validation Time": "0:00:25"
            },
            {
                "epoch": 2,
                "Training Loss": 0.09510966789154118,
                "Training Accur.": 0.9748664458873801,
                "Training Precision (macro)": 0.9302789461027147,
                "Training Precision (micro)": 0.9748664458873801,
                "Training Recall (macro)": 0.9247043924083764,
                "Training Recall (micro)": 0.9748664458873801,
                "Training F1 (macro)": 0.9273589553816535,
                "Training F1 (micro)": 0.9748664458873801,
                "Valid. Loss": 0.20910659395326314,
                "Valid. Accur.": 0.9587628865979382,
                "Valid. Precision (macro)": 0.8684082392531334,
                "Valid. Precision (micro)": 0.951908453504898,
                "Valid. Recall (macro)": 0.824748045458848,
                "Valid. Recall (micro)": 0.951908453504898,
                "Valid. F1 (macro)": 0.8442053533499017,
                "Valid. F1 (micro)": 0.951908453504898,
                "Training Time": "0:04:45",
                "Validation Time": "0:00:25"
            },
            {
                "epoch": 3,
                "Training Loss": 0.04685098521120079,
                "Training Accur.": 0.9902203225745417,
                "Training Precision (macro)": 0.9793390457159683,
                "Training Precision (micro)": 0.9902203225745417,
                "Training Recall (macro)": 0.9663127168822822,
                "Training Recall (micro)": 0.9902203225745417,
                "Training F1 (macro)": 0.9726570880179454,
                "Training F1 (micro)": 0.9902203225745417,
                "Valid. Loss": 0.32849507521486604,
                "Valid. Accur.": 0.9536082474226805,
                "Valid. Precision (macro)": 0.878188072370339,
                "Valid. Precision (micro)": 0.9476987320567398,
                "Valid. Recall (macro)": 0.810074270300852,
                "Valid. Recall (micro)": 0.9476987320567398,
                "Valid. F1 (macro)": 0.8393256882929748,
                "Valid. F1 (micro)": 0.9476987320567398,
                "Training Time": "0:04:45",
                "Validation Time": "0:00:25"
            }
        ],
        [
            {
                "epoch": 1,
                "Training Loss": 0.08429484316827958,
                "Training Accur.": 0.9810134751456512,
                "Training Precision (macro)": 0.9570123199779701,
                "Training Precision (micro)": 0.9810134751456512,
                "Training Recall (macro)": 0.9354456196532275,
                "Training Recall (micro)": 0.9810134751456512,
                "Training F1 (macro)": 0.9456902662521804,
                "Training F1 (micro)": 0.9810134751456512,
                "Valid. Loss": 0.007451845902905166,
                "Valid. Accur.": 0.9974226804123711,
                "Valid. Precision (macro)": 0.9969900752438665,
                "Valid. Precision (micro)": 0.9993510092148267,
                "Valid. Recall (macro)": 0.9996372652463476,
                "Valid. Recall (micro)": 0.9993510092148267,
                "Valid. F1 (macro)": 0.9982958431806593,
                "Valid. F1 (micro)": 0.9993510092148267,
                "Training Time": "0:04:45",
                "Validation Time": "0:00:25"
            },
            {
                "epoch": 2,
                "Training Loss": 0.022467061295532206,
                "Training Accur.": 0.9971264666372883,
                "Training Precision (macro)": 0.9920805520896525,
                "Training Precision (micro)": 0.9971264666372883,
                "Training Recall (macro)": 0.9917667314846573,
                "Training Recall (micro)": 0.9971264666372883,
                "Training F1 (macro)": 0.9919187939386886,
                "Training F1 (micro)": 0.9971264666372883,
                "Valid. Loss": 0.04112619421365023,
                "Valid. Accur.": 0.990979381443299,
                "Valid. Precision (macro)": 0.967806213036304,
                "Valid. Precision (micro)": 0.9925275409565253,
                "Valid. Recall (macro)": 0.9958122490421896,
                "Valid. Recall (micro)": 0.9925275409565253,
                "Valid. F1 (macro)": 0.9811390497821753,
                "Valid. F1 (micro)": 0.9925275409565253,
                "Training Time": "0:04:45",
                "Validation Time": "0:00:25"
            },
            {
                "epoch": 3,
                "Training Loss": 0.006134220409367494,
                "Training Accur.": 0.9994979800557108,
                "Training Precision (macro)": 0.9975518972116458,
                "Training Precision (micro)": 0.9994979800557108,
                "Training Recall (macro)": 0.9995496741624625,
                "Training Recall (micro)": 0.9994979800557108,
                "Training F1 (macro)": 0.9985465846974112,
                "Training F1 (micro)": 0.9994979800557108,
                "Valid. Loss": 0.016999683461314637,
                "Valid. Accur.": 0.9974226804123711,
                "Valid. Precision (macro)": 0.9974041077187384,
                "Valid. Precision (micro)": 0.9952804198605614,
                "Valid. Recall (macro)": 0.9759550365033859,
                "Valid. Recall (micro)": 0.9952804198605614,
                "Valid. F1 (macro)": 0.9861355625527275,
                "Valid. F1 (micro)": 0.9952804198605614,
                "Training Time": "0:04:45",
                "Validation Time": "0:00:25"
            }
        ],
        [
            {
                "epoch": 1,
                "Training Loss": 0.018143909042297367,
                "Training Accur.": 0.9973808674121951,
                "Training Precision (macro)": 0.9921481876123698,
                "Training Precision (micro)": 0.9973808674121951,
                "Training Recall (macro)": 0.9931783627805566,
                "Training Recall (micro)": 0.9973808674121951,
                "Training F1 (macro)": 0.9926572732346801,
                "Training F1 (micro)": 0.9973808674121951,
                "Valid. Loss": 9.360035199410349e-05,
                "Valid. Accur.": 1.0,
                "Valid. Precision (macro)": 1.0,
                "Valid. Precision (micro)": 1.0,
                "Valid. Recall (macro)": 1.0,
                "Valid. Recall (micro)": 1.0,
                "Valid. F1 (macro)": 1.0,
                "Valid. F1 (micro)": 1.0,
                "Training Time": "0:04:45",
                "Validation Time": "0:00:25"
            },
            {
                "epoch": 2,
                "Training Loss": 0.0025156180523962118,
                "Training Accur.": 0.9984292444458074,
                "Training Precision (macro)": 0.9974361470122187,
                "Training Precision (micro)": 0.9984292444458074,